song,artist,danceability,energy,key,loudness,mode,speechiness,acousticness,instrumentalness,liveness,valence,tempo,duration_ms,time_signature,type,id,uri,track_href,analysis_url,external_urls
Txus (En Directo) - Remastered,La Polla Records,0.312,0.942,5,-3.569,1,0.069,0.00162,0.0,0.63,0.638,162.023,85480,3,audio_features,4Ff4LlrBtxASEcvwC6ClsM,spotify:track:4Ff4LlrBtxASEcvwC6ClsM,https://api.spotify.com/v1/tracks/4Ff4LlrBtxASEcvwC6ClsM,https://api.spotify.com/v1/audio-analysis/4Ff4LlrBtxASEcvwC6ClsM,{'spotify': 'https://open.spotify.com/track/4Ff4LlrBtxASEcvwC6ClsM'}
Ellos Dicen Mierda,La Polla Records,0.283,0.723,11,-10.902,1,0.0365,0.369,0.627,0.13,0.454,143.721,278987,4,audio_features,1pQvhzRnObih9msA91xDq7,spotify:track:1pQvhzRnObih9msA91xDq7,https://api.spotify.com/v1/tracks/1pQvhzRnObih9msA91xDq7,https://api.spotify.com/v1/audio-analysis/1pQvhzRnObih9msA91xDq7,{'spotify': 'https://open.spotify.com/track/1pQvhzRnObih9msA91xDq7'}
"Que Turututu, Ay Que Tururu",La Polla Records,0.51,0.828,11,-7.835,0,0.0433,0.00705,0.00269,0.2,0.575,116.075,161613,4,audio_features,1eLWiukzQrnRn0Z6KhhHyz,spotify:track:1eLWiukzQrnRn0Z6KhhHyz,https://api.spotify.com/v1/tracks/1eLWiukzQrnRn0Z6KhhHyz,https://api.spotify.com/v1/audio-analysis/1eLWiukzQrnRn0Z6KhhHyz,{'spotify': 'https://open.spotify.com/track/1eLWiukzQrnRn0Z6KhhHyz'}
No Somos Nada (En Directo) - Remastered,La Polla Records,0.417,0.972,0,-3.534,1,0.0794,0.000431,0.0,0.709,0.478,82.821,97867,4,audio_features,5MFNLUj5mGEfnSEt537HNW,spotify:track:5MFNLUj5mGEfnSEt537HNW,https://api.spotify.com/v1/tracks/5MFNLUj5mGEfnSEt537HNW,https://api.spotify.com/v1/audio-analysis/5MFNLUj5mGEfnSEt537HNW,{'spotify': 'https://open.spotify.com/track/5MFNLUj5mGEfnSEt537HNW'}
Nadie Llorará Por Ti,La Polla Records,0.522,0.768,7,-7.955,1,0.0289,0.0249,0.0929,0.148,0.848,107.879,142000,4,audio_features,6PFGkjdnpznilcmfEZGpCM,spotify:track:6PFGkjdnpznilcmfEZGpCM,https://api.spotify.com/v1/tracks/6PFGkjdnpznilcmfEZGpCM,https://api.spotify.com/v1/audio-analysis/6PFGkjdnpznilcmfEZGpCM,{'spotify': 'https://open.spotify.com/track/6PFGkjdnpznilcmfEZGpCM'}
Historia Triste,Eskorbuto,0.433,0.896,2,-4.064,1,0.0601,0.092,0.000315,0.0918,0.647,161.773,184040,4,audio_features,3m1Wi7occbKhFBspyH8hGO,spotify:track:3m1Wi7occbKhFBspyH8hGO,https://api.spotify.com/v1/tracks/3m1Wi7occbKhFBspyH8hGO,https://api.spotify.com/v1/audio-analysis/3m1Wi7occbKhFBspyH8hGO,{'spotify': 'https://open.spotify.com/track/3m1Wi7occbKhFBspyH8hGO'}
Cuidado,Eskorbuto,0.508,0.93,11,-5.89,1,0.0714,0.048,0.0,0.095,0.812,146.583,242053,4,audio_features,3pjaH2kNvu3NwvuB3fIILt,spotify:track:3pjaH2kNvu3NwvuB3fIILt,https://api.spotify.com/v1/tracks/3pjaH2kNvu3NwvuB3fIILt,https://api.spotify.com/v1/audio-analysis/3pjaH2kNvu3NwvuB3fIILt,{'spotify': 'https://open.spotify.com/track/3pjaH2kNvu3NwvuB3fIILt'}
Cerebros Destruidos,Eskorbuto,0.595,0.98,0,-4.543,1,0.0619,0.0244,0.0,0.0695,0.847,137.39,155453,4,audio_features,0BiWw0vS0RXT5vdOovZCiH,spotify:track:0BiWw0vS0RXT5vdOovZCiH,https://api.spotify.com/v1/tracks/0BiWw0vS0RXT5vdOovZCiH,https://api.spotify.com/v1/audio-analysis/0BiWw0vS0RXT5vdOovZCiH,{'spotify': 'https://open.spotify.com/track/0BiWw0vS0RXT5vdOovZCiH'}
"Mucha Policía, Poca Diversión",Eskorbuto,0.475,0.867,8,-6.126,1,0.0631,0.0558,0.426,0.325,0.618,110.358,91600,4,audio_features,7yu3tzlkrr17M2EL0ELF71,spotify:track:7yu3tzlkrr17M2EL0ELF71,https://api.spotify.com/v1/tracks/7yu3tzlkrr17M2EL0ELF71,https://api.spotify.com/v1/audio-analysis/7yu3tzlkrr17M2EL0ELF71,{'spotify': 'https://open.spotify.com/track/7yu3tzlkrr17M2EL0ELF71'}
Adios Reina Mia,Eskorbuto,0.223,0.864,4,-8.751,1,0.0433,0.00106,4.87e-05,0.397,0.724,174.343,267038,4,audio_features,52hHIF5rYiUi0AtPyvMrY2,spotify:track:52hHIF5rYiUi0AtPyvMrY2,https://api.spotify.com/v1/tracks/52hHIF5rYiUi0AtPyvMrY2,https://api.spotify.com/v1/audio-analysis/52hHIF5rYiUi0AtPyvMrY2,{'spotify': 'https://open.spotify.com/track/52hHIF5rYiUi0AtPyvMrY2'}
Un Dia Mas,Reincidentes,0.559,0.961,0,-6.204,1,0.0653,0.00362,0.0,0.143,0.477,103.567,162720,4,audio_features,3scFXuqiS4dTnRkFz6UmmP,spotify:track:3scFXuqiS4dTnRkFz6UmmP,https://api.spotify.com/v1/tracks/3scFXuqiS4dTnRkFz6UmmP,https://api.spotify.com/v1/audio-analysis/3scFXuqiS4dTnRkFz6UmmP,{'spotify': 'https://open.spotify.com/track/3scFXuqiS4dTnRkFz6UmmP'}
Dos Colegas,Reincidentes,0.508,0.944,0,-5.563,1,0.178,0.00511,0.192,0.269,0.162,99.783,235544,4,audio_features,6ntDXB4oa0joWYyrc4aG6L,spotify:track:6ntDXB4oa0joWYyrc4aG6L,https://api.spotify.com/v1/tracks/6ntDXB4oa0joWYyrc4aG6L,https://api.spotify.com/v1/audio-analysis/6ntDXB4oa0joWYyrc4aG6L,{'spotify': 'https://open.spotify.com/track/6ntDXB4oa0joWYyrc4aG6L'}
El Cuento del Alfajor,Reincidentes,0.484,0.931,7,-6.198,1,0.0838,3.83e-05,0.000931,0.183,0.67,102.328,128196,4,audio_features,4LUzpMHzeD2CcbrwEfSQ8m,spotify:track:4LUzpMHzeD2CcbrwEfSQ8m,https://api.spotify.com/v1/tracks/4LUzpMHzeD2CcbrwEfSQ8m,https://api.spotify.com/v1/audio-analysis/4LUzpMHzeD2CcbrwEfSQ8m,{'spotify': 'https://open.spotify.com/track/4LUzpMHzeD2CcbrwEfSQ8m'}
Jartos d'Aguantar,Reincidentes,0.322,0.833,9,-9.115,1,0.0545,0.00158,5.94e-05,0.216,0.564,145.03,263654,4,audio_features,6owkEWcE2ufyCnoT6Sk3RY,spotify:track:6owkEWcE2ufyCnoT6Sk3RY,https://api.spotify.com/v1/tracks/6owkEWcE2ufyCnoT6Sk3RY,https://api.spotify.com/v1/audio-analysis/6owkEWcE2ufyCnoT6Sk3RY,{'spotify': 'https://open.spotify.com/track/6owkEWcE2ufyCnoT6Sk3RY'}
Vicio,Reincidentes,0.576,0.895,2,-6.761,0,0.0467,0.00124,0.000189,0.342,0.676,104.182,166733,4,audio_features,7nwqaGHYZM0g6R4ecp48TU,spotify:track:7nwqaGHYZM0g6R4ecp48TU,https://api.spotify.com/v1/tracks/7nwqaGHYZM0g6R4ecp48TU,https://api.spotify.com/v1/audio-analysis/7nwqaGHYZM0g6R4ecp48TU,{'spotify': 'https://open.spotify.com/track/7nwqaGHYZM0g6R4ecp48TU'}
Llorarás,Boikot,0.42,0.831,4,-5.362,1,0.159,0.00569,5.18e-06,0.0785,0.382,163.164,95480,4,audio_features,2Hlq9w7rf0oGpjeSTgtIj1,spotify:track:2Hlq9w7rf0oGpjeSTgtIj1,https://api.spotify.com/v1/tracks/2Hlq9w7rf0oGpjeSTgtIj1,https://api.spotify.com/v1/audio-analysis/2Hlq9w7rf0oGpjeSTgtIj1,{'spotify': 'https://open.spotify.com/track/2Hlq9w7rf0oGpjeSTgtIj1'}
Sin Tiempo para Respirar,Boikot,0.587,0.984,7,-3.736,1,0.0497,0.00079,0.00245,0.382,0.43,107.453,217107,4,audio_features,25ESSO7rNVeyVQemQdqUQI,spotify:track:25ESSO7rNVeyVQemQdqUQI,https://api.spotify.com/v1/tracks/25ESSO7rNVeyVQemQdqUQI,https://api.spotify.com/v1/audio-analysis/25ESSO7rNVeyVQemQdqUQI,{'spotify': 'https://open.spotify.com/track/25ESSO7rNVeyVQemQdqUQI'}
Inés,Boikot,0.572,0.899,4,-4.88,0,0.0633,0.00265,0.000384,0.0967,0.857,155.052,145213,4,audio_features,1B2KqBbo71jf5n3lftM6G2,spotify:track:1B2KqBbo71jf5n3lftM6G2,https://api.spotify.com/v1/tracks/1B2KqBbo71jf5n3lftM6G2,https://api.spotify.com/v1/audio-analysis/1B2KqBbo71jf5n3lftM6G2,{'spotify': 'https://open.spotify.com/track/1B2KqBbo71jf5n3lftM6G2'}
Isabel,Boikot,0.5,0.928,1,-5.935,0,0.142,0.012,0.0,0.317,0.823,169.018,222720,4,audio_features,3Bx7yRuWkQOjcd7OlO40yu,spotify:track:3Bx7yRuWkQOjcd7OlO40yu,https://api.spotify.com/v1/tracks/3Bx7yRuWkQOjcd7OlO40yu,https://api.spotify.com/v1/audio-analysis/3Bx7yRuWkQOjcd7OlO40yu,{'spotify': 'https://open.spotify.com/track/3Bx7yRuWkQOjcd7OlO40yu'}
Con Mucha Clase,Boikot,0.648,0.962,0,-3.812,1,0.116,0.0657,0.0,0.317,0.633,118.972,194747,4,audio_features,0ywJICw0cu2SQjT5MrjAUu,spotify:track:0ywJICw0cu2SQjT5MrjAUu,https://api.spotify.com/v1/tracks/0ywJICw0cu2SQjT5MrjAUu,https://api.spotify.com/v1/audio-analysis/0ywJICw0cu2SQjT5MrjAUu,{'spotify': 'https://open.spotify.com/track/0ywJICw0cu2SQjT5MrjAUu'}
¿A Donde Vas?,El Último Ke Zierre,0.428,0.934,11,-4.174,0,0.101,0.00224,0.0,0.29,0.468,184.963,199200,4,audio_features,7CoHANaS84alYrwYzhaFUc,spotify:track:7CoHANaS84alYrwYzhaFUc,https://api.spotify.com/v1/tracks/7CoHANaS84alYrwYzhaFUc,https://api.spotify.com/v1/audio-analysis/7CoHANaS84alYrwYzhaFUc,{'spotify': 'https://open.spotify.com/track/7CoHANaS84alYrwYzhaFUc'}
Tus Bragas,El Último Ke Zierre,0.293,0.862,9,-4.206,1,0.0965,0.166,0.0,0.186,0.621,190.322,198136,4,audio_features,1Hh6pSlEbOSNZJYbHJBIXi,spotify:track:1Hh6pSlEbOSNZJYbHJBIXi,https://api.spotify.com/v1/tracks/1Hh6pSlEbOSNZJYbHJBIXi,https://api.spotify.com/v1/audio-analysis/1Hh6pSlEbOSNZJYbHJBIXi,{'spotify': 'https://open.spotify.com/track/1Hh6pSlEbOSNZJYbHJBIXi'}
No Tengo Miedo,El Último Ke Zierre,0.529,0.865,4,-8.46,1,0.0459,0.00211,0.0,0.123,0.709,80.245,193173,4,audio_features,0xDx8O323usBUSqNZeCn1m,spotify:track:0xDx8O323usBUSqNZeCn1m,https://api.spotify.com/v1/tracks/0xDx8O323usBUSqNZeCn1m,https://api.spotify.com/v1/audio-analysis/0xDx8O323usBUSqNZeCn1m,{'spotify': 'https://open.spotify.com/track/0xDx8O323usBUSqNZeCn1m'}
Escupiré Jodidos,El Último Ke Zierre,0.594,0.946,0,-7.514,1,0.113,0.00456,0.0,0.558,0.522,112.989,165573,4,audio_features,1FB1Kk4ZmkNu11toR5BWwm,spotify:track:1FB1Kk4ZmkNu11toR5BWwm,https://api.spotify.com/v1/tracks/1FB1Kk4ZmkNu11toR5BWwm,https://api.spotify.com/v1/audio-analysis/1FB1Kk4ZmkNu11toR5BWwm,{'spotify': 'https://open.spotify.com/track/1FB1Kk4ZmkNu11toR5BWwm'}
Eres Debil,El Último Ke Zierre,0.372,0.835,2,-8.228,1,0.0833,0.00973,7.34e-05,0.171,0.746,111.589,169693,4,audio_features,7xRs84z4H3BHrbjl3kD7sL,spotify:track:7xRs84z4H3BHrbjl3kD7sL,https://api.spotify.com/v1/tracks/7xRs84z4H3BHrbjl3kD7sL,https://api.spotify.com/v1/audio-analysis/7xRs84z4H3BHrbjl3kD7sL,{'spotify': 'https://open.spotify.com/track/7xRs84z4H3BHrbjl3kD7sL'}
Mi Primer Amor,Piperrak,0.382,0.884,6,-6.165,1,0.0485,0.0036,3.85e-05,0.275,0.825,124.191,170686,4,audio_features,2oRmhBSPhWNScSkwR7x8xi,spotify:track:2oRmhBSPhWNScSkwR7x8xi,https://api.spotify.com/v1/tracks/2oRmhBSPhWNScSkwR7x8xi,https://api.spotify.com/v1/audio-analysis/2oRmhBSPhWNScSkwR7x8xi,{'spotify': 'https://open.spotify.com/track/2oRmhBSPhWNScSkwR7x8xi'}
Kualkier Día,Piperrak,0.274,0.95,7,-5.787,1,0.146,0.00222,0.0,0.0923,0.645,187.469,249719,4,audio_features,1I9u9TGitfcJzOXV1fCM9B,spotify:track:1I9u9TGitfcJzOXV1fCM9B,https://api.spotify.com/v1/tracks/1I9u9TGitfcJzOXV1fCM9B,https://api.spotify.com/v1/audio-analysis/1I9u9TGitfcJzOXV1fCM9B,{'spotify': 'https://open.spotify.com/track/1I9u9TGitfcJzOXV1fCM9B'}
Ke Le Voy a Hacer,Piperrak,0.419,0.923,7,-6.28,1,0.0657,0.00223,1.29e-05,0.348,0.908,106.358,163428,4,audio_features,151amUHTNy3uXL3dTPYauW,spotify:track:151amUHTNy3uXL3dTPYauW,https://api.spotify.com/v1/tracks/151amUHTNy3uXL3dTPYauW,https://api.spotify.com/v1/audio-analysis/151amUHTNy3uXL3dTPYauW,{'spotify': 'https://open.spotify.com/track/151amUHTNy3uXL3dTPYauW'}
Odio,Piperrak,0.387,0.945,7,-6.902,1,0.0571,0.00443,0.00487,0.122,0.795,120.891,204738,4,audio_features,7fu2KqlLlQQ29hblnVGDP9,spotify:track:7fu2KqlLlQQ29hblnVGDP9,https://api.spotify.com/v1/tracks/7fu2KqlLlQQ29hblnVGDP9,https://api.spotify.com/v1/audio-analysis/7fu2KqlLlQQ29hblnVGDP9,{'spotify': 'https://open.spotify.com/track/7fu2KqlLlQQ29hblnVGDP9'}
Otra Noche,Kaotiko,0.552,0.932,8,-5.418,1,0.0488,0.0234,0.0,0.104,0.538,112.031,190747,4,audio_features,2JXn1MQeFqowxtRxgmefuk,spotify:track:2JXn1MQeFqowxtRxgmefuk,https://api.spotify.com/v1/tracks/2JXn1MQeFqowxtRxgmefuk,https://api.spotify.com/v1/audio-analysis/2JXn1MQeFqowxtRxgmefuk,{'spotify': 'https://open.spotify.com/track/2JXn1MQeFqowxtRxgmefuk'}
Oh Caroline!!,Kaotiko,0.569,0.902,0,-4.13,1,0.0643,0.0032,3.21e-06,0.106,0.501,129.993,166147,4,audio_features,5rjftiXRqnYb2EIAcC4kFv,spotify:track:5rjftiXRqnYb2EIAcC4kFv,https://api.spotify.com/v1/tracks/5rjftiXRqnYb2EIAcC4kFv,https://api.spotify.com/v1/audio-analysis/5rjftiXRqnYb2EIAcC4kFv,{'spotify': 'https://open.spotify.com/track/5rjftiXRqnYb2EIAcC4kFv'}
Paranoia,Kaotiko,0.456,0.843,0,-4.506,1,0.0319,0.00017,0.000415,0.297,0.501,151.936,210233,4,audio_features,2Ebi874ZOTVXwurXRQpviQ,spotify:track:2Ebi874ZOTVXwurXRQpviQ,https://api.spotify.com/v1/tracks/2Ebi874ZOTVXwurXRQpviQ,https://api.spotify.com/v1/audio-analysis/2Ebi874ZOTVXwurXRQpviQ,{'spotify': 'https://open.spotify.com/track/2Ebi874ZOTVXwurXRQpviQ'}
Visto Lo Visto,Kaotiko,0.48,0.917,7,-3.678,1,0.0574,0.00225,0.00081,0.789,0.347,105.921,230713,3,audio_features,5v6kfQjB5MkmX0Lz3BzRwq,spotify:track:5v6kfQjB5MkmX0Lz3BzRwq,https://api.spotify.com/v1/tracks/5v6kfQjB5MkmX0Lz3BzRwq,https://api.spotify.com/v1/audio-analysis/5v6kfQjB5MkmX0Lz3BzRwq,{'spotify': 'https://open.spotify.com/track/5v6kfQjB5MkmX0Lz3BzRwq'}
Ansiedad - original,Kaos Etíliko,0.699,0.932,7,-5.743,1,0.0396,0.0175,0.0,0.087,0.584,112.07,128013,4,audio_features,2NG0Gf5X9yhpt3kblevJmp,spotify:track:2NG0Gf5X9yhpt3kblevJmp,https://api.spotify.com/v1/tracks/2NG0Gf5X9yhpt3kblevJmp,https://api.spotify.com/v1/audio-analysis/2NG0Gf5X9yhpt3kblevJmp,{'spotify': 'https://open.spotify.com/track/2NG0Gf5X9yhpt3kblevJmp'}
A Tu Lado,Agua Bendita,0.563,0.731,2,-5.078,1,0.129,0.294,0.00295,0.0887,0.776,66.578,203729,4,audio_features,0nCqJIrHDEpirLYJvERIY8,spotify:track:0nCqJIrHDEpirLYJvERIY8,https://api.spotify.com/v1/tracks/0nCqJIrHDEpirLYJvERIY8,https://api.spotify.com/v1/audio-analysis/0nCqJIrHDEpirLYJvERIY8,{'spotify': 'https://open.spotify.com/track/0nCqJIrHDEpirLYJvERIY8'}
Billy Joe,Agua Bendita,0.387,0.878,0,-5.865,1,0.328,0.0298,2.1e-06,0.465,0.786,176.594,180715,4,audio_features,0gSwdXkiJt6N76LPqG2nQB,spotify:track:0gSwdXkiJt6N76LPqG2nQB,https://api.spotify.com/v1/tracks/0gSwdXkiJt6N76LPqG2nQB,https://api.spotify.com/v1/audio-analysis/0gSwdXkiJt6N76LPqG2nQB,{'spotify': 'https://open.spotify.com/track/0gSwdXkiJt6N76LPqG2nQB'}
Volar,Agua Bendita,0.289,0.842,1,-6.902,0,0.052,0.00547,0.466,0.109,0.791,197.71,138815,4,audio_features,6IMZPYjW7FKdpMJcybAQMW,spotify:track:6IMZPYjW7FKdpMJcybAQMW,https://api.spotify.com/v1/tracks/6IMZPYjW7FKdpMJcybAQMW,https://api.spotify.com/v1/audio-analysis/6IMZPYjW7FKdpMJcybAQMW,{'spotify': 'https://open.spotify.com/track/6IMZPYjW7FKdpMJcybAQMW'}
Borrachos,Agua Bendita,0.572,0.948,7,-3.287,1,0.0511,0.0605,0.252,0.0518,0.881,102.252,274312,4,audio_features,1uL9BfI7kFdTkrevE2V2iM,spotify:track:1uL9BfI7kFdTkrevE2V2iM,https://api.spotify.com/v1/tracks/1uL9BfI7kFdTkrevE2V2iM,https://api.spotify.com/v1/audio-analysis/1uL9BfI7kFdTkrevE2V2iM,{'spotify': 'https://open.spotify.com/track/1uL9BfI7kFdTkrevE2V2iM'}
Mi Vida,Segismundo Toxicómano,0.606,0.944,10,-2.865,0,0.0653,0.018,0.0,0.335,0.721,120.536,169080,4,audio_features,7jsyCdKhfiId2oVNgDOTq1,spotify:track:7jsyCdKhfiId2oVNgDOTq1,https://api.spotify.com/v1/tracks/7jsyCdKhfiId2oVNgDOTq1,https://api.spotify.com/v1/audio-analysis/7jsyCdKhfiId2oVNgDOTq1,{'spotify': 'https://open.spotify.com/track/7jsyCdKhfiId2oVNgDOTq1'}
Odio,Segismundo Toxicómano,0.357,0.969,6,-3.265,1,0.183,0.000511,0.0,0.0941,0.401,130.976,150280,4,audio_features,7eErfLLXlrXRQ3vJP8Tnkl,spotify:track:7eErfLLXlrXRQ3vJP8Tnkl,https://api.spotify.com/v1/tracks/7eErfLLXlrXRQ3vJP8Tnkl,https://api.spotify.com/v1/audio-analysis/7eErfLLXlrXRQ3vJP8Tnkl,{'spotify': 'https://open.spotify.com/track/7eErfLLXlrXRQ3vJP8Tnkl'}
Las Drogas,Segismundo Toxicómano,0.559,0.919,7,-4.569,1,0.0552,0.000106,5.85e-05,0.215,0.751,121.979,142373,4,audio_features,12UZTr5xsKm79TzQkmYRUf,spotify:track:12UZTr5xsKm79TzQkmYRUf,https://api.spotify.com/v1/tracks/12UZTr5xsKm79TzQkmYRUf,https://api.spotify.com/v1/audio-analysis/12UZTr5xsKm79TzQkmYRUf,{'spotify': 'https://open.spotify.com/track/12UZTr5xsKm79TzQkmYRUf'}
Privar,Segismundo Toxicómano,0.438,0.952,7,-4.605,1,0.0777,0.000469,1.72e-05,0.125,0.745,177.498,154933,4,audio_features,3mgTThtIJX9Sx67rPzqmpn,spotify:track:3mgTThtIJX9Sx67rPzqmpn,https://api.spotify.com/v1/tracks/3mgTThtIJX9Sx67rPzqmpn,https://api.spotify.com/v1/audio-analysis/3mgTThtIJX9Sx67rPzqmpn,{'spotify': 'https://open.spotify.com/track/3mgTThtIJX9Sx67rPzqmpn'}
Oso panda,Lendakaris Muertos,0.577,0.929,2,-3.359,1,0.0512,0.000203,8.61e-05,0.196,0.856,125.225,80680,4,audio_features,5oZ66zxVVSCdrYxjCAyBrQ,spotify:track:5oZ66zxVVSCdrYxjCAyBrQ,https://api.spotify.com/v1/tracks/5oZ66zxVVSCdrYxjCAyBrQ,https://api.spotify.com/v1/audio-analysis/5oZ66zxVVSCdrYxjCAyBrQ,{'spotify': 'https://open.spotify.com/track/5oZ66zxVVSCdrYxjCAyBrQ'}
Centro comercial,Lendakaris Muertos,0.5,0.981,9,-1.788,0,0.111,0.00613,0.0,0.332,0.532,160.022,117400,4,audio_features,2XUmwt9j359kzGda9akoUx,spotify:track:2XUmwt9j359kzGda9akoUx,https://api.spotify.com/v1/tracks/2XUmwt9j359kzGda9akoUx,https://api.spotify.com/v1/audio-analysis/2XUmwt9j359kzGda9akoUx,{'spotify': 'https://open.spotify.com/track/2XUmwt9j359kzGda9akoUx'}
Bobo a Bordo,Lendakaris Muertos,0.337,0.976,5,-4.342,1,0.0901,0.000239,0.00166,0.376,0.766,184.951,123947,4,audio_features,16FRS2JNQA1w5t6vL3PXxB,spotify:track:16FRS2JNQA1w5t6vL3PXxB,https://api.spotify.com/v1/tracks/16FRS2JNQA1w5t6vL3PXxB,https://api.spotify.com/v1/audio-analysis/16FRS2JNQA1w5t6vL3PXxB,{'spotify': 'https://open.spotify.com/track/16FRS2JNQA1w5t6vL3PXxB'}
Gora España,Lendakaris Muertos,0.432,0.986,9,-1.842,0,0.17,0.0227,0.0,0.251,0.236,151.788,126547,4,audio_features,5ED0nQYEQNtvBzVX5XSTnG,spotify:track:5ED0nQYEQNtvBzVX5XSTnG,https://api.spotify.com/v1/tracks/5ED0nQYEQNtvBzVX5XSTnG,https://api.spotify.com/v1/audio-analysis/5ED0nQYEQNtvBzVX5XSTnG,{'spotify': 'https://open.spotify.com/track/5ED0nQYEQNtvBzVX5XSTnG'}
Veteranos de la kale borroka,Lendakaris Muertos,0.533,0.95,9,-2.565,0,0.135,0.00417,0.0,0.125,0.416,152.073,120800,4,audio_features,4yhIzKWOlAbO1z80i7cwfJ,spotify:track:4yhIzKWOlAbO1z80i7cwfJ,https://api.spotify.com/v1/tracks/4yhIzKWOlAbO1z80i7cwfJ,https://api.spotify.com/v1/audio-analysis/4yhIzKWOlAbO1z80i7cwfJ,{'spotify': 'https://open.spotify.com/track/4yhIzKWOlAbO1z80i7cwfJ'}
"Eta, deja alguna discoteca",Lendakaris Muertos,0.419,0.893,7,-3.473,1,0.0767,0.00445,4.43e-05,0.496,0.545,185.132,78427,3,audio_features,605f6PfI02sqcgD2q5hK8L,spotify:track:605f6PfI02sqcgD2q5hK8L,https://api.spotify.com/v1/tracks/605f6PfI02sqcgD2q5hK8L,https://api.spotify.com/v1/audio-analysis/605f6PfI02sqcgD2q5hK8L,{'spotify': 'https://open.spotify.com/track/605f6PfI02sqcgD2q5hK8L'}
Salgo a la Calle,Elektroduendes,0.27,0.892,4,-7.933,1,0.0677,0.0116,1.3e-06,0.205,0.508,167.14,247629,4,audio_features,3KOep0HeA6PxeoLT4I4Ixx,spotify:track:3KOep0HeA6PxeoLT4I4Ixx,https://api.spotify.com/v1/tracks/3KOep0HeA6PxeoLT4I4Ixx,https://api.spotify.com/v1/audio-analysis/3KOep0HeA6PxeoLT4I4Ixx,{'spotify': 'https://open.spotify.com/track/3KOep0HeA6PxeoLT4I4Ixx'}
Armas de Destrucción,Elektroduendes,0.452,0.94,2,-7.563,0,0.0415,0.00279,0.00125,0.0634,0.771,112.673,228716,4,audio_features,6Fuz8QFrm77XJFgY3JCS2m,spotify:track:6Fuz8QFrm77XJFgY3JCS2m,https://api.spotify.com/v1/tracks/6Fuz8QFrm77XJFgY3JCS2m,https://api.spotify.com/v1/audio-analysis/6Fuz8QFrm77XJFgY3JCS2m,{'spotify': 'https://open.spotify.com/track/6Fuz8QFrm77XJFgY3JCS2m'}
Piensa y Lucha II,Elektroduendes,0.226,0.949,9,-7.059,1,0.0882,0.016,0.697,0.315,0.697,166.398,133735,4,audio_features,5foiWJoSSvtwpCyzqaULAA,spotify:track:5foiWJoSSvtwpCyzqaULAA,https://api.spotify.com/v1/tracks/5foiWJoSSvtwpCyzqaULAA,https://api.spotify.com/v1/audio-analysis/5foiWJoSSvtwpCyzqaULAA,{'spotify': 'https://open.spotify.com/track/5foiWJoSSvtwpCyzqaULAA'}
Te Vigilan,Elektroduendes,0.235,0.911,7,-7.66,1,0.0911,0.00479,0.000433,0.058,0.646,166.913,252920,4,audio_features,5aqmaAinCdVb5zkoevXvRX,spotify:track:5aqmaAinCdVb5zkoevXvRX,https://api.spotify.com/v1/tracks/5aqmaAinCdVb5zkoevXvRX,https://api.spotify.com/v1/audio-analysis/5aqmaAinCdVb5zkoevXvRX,{'spotify': 'https://open.spotify.com/track/5aqmaAinCdVb5zkoevXvRX'}
Ahora Me Importa una Mierda,Arpaviejas,0.271,0.925,0,-7.197,1,0.0695,0.000567,0.0,0.14,0.612,79.638,237061,4,audio_features,4ii0z7sM4GNXOGVaGujCT9,spotify:track:4ii0z7sM4GNXOGVaGujCT9,https://api.spotify.com/v1/tracks/4ii0z7sM4GNXOGVaGujCT9,https://api.spotify.com/v1/audio-analysis/4ii0z7sM4GNXOGVaGujCT9,{'spotify': 'https://open.spotify.com/track/4ii0z7sM4GNXOGVaGujCT9'}
El Mesías,Arpaviejas,0.537,0.78,5,-7.395,1,0.0369,0.000764,0.0,0.485,0.855,100.132,193123,4,audio_features,6XhGmdyd3lJUJyUGaAuCqD,spotify:track:6XhGmdyd3lJUJyUGaAuCqD,https://api.spotify.com/v1/tracks/6XhGmdyd3lJUJyUGaAuCqD,https://api.spotify.com/v1/audio-analysis/6XhGmdyd3lJUJyUGaAuCqD,{'spotify': 'https://open.spotify.com/track/6XhGmdyd3lJUJyUGaAuCqD'}
Llaman,Arpaviejas,0.416,0.861,0,-7.702,1,0.0434,0.00011,3.04e-05,0.139,0.591,100.937,159242,4,audio_features,3s9s0LePheUcRgXsDdRr37,spotify:track:3s9s0LePheUcRgXsDdRr37,https://api.spotify.com/v1/tracks/3s9s0LePheUcRgXsDdRr37,https://api.spotify.com/v1/audio-analysis/3s9s0LePheUcRgXsDdRr37,{'spotify': 'https://open.spotify.com/track/3s9s0LePheUcRgXsDdRr37'}
La Jaula,Arpaviejas,0.222,0.966,7,-7.344,0,0.0721,0.000112,0.0,0.449,0.653,163.667,172983,4,audio_features,14lUc4Rgd52pQiL6uKKtl4,spotify:track:14lUc4Rgd52pQiL6uKKtl4,https://api.spotify.com/v1/tracks/14lUc4Rgd52pQiL6uKKtl4,https://api.spotify.com/v1/audio-analysis/14lUc4Rgd52pQiL6uKKtl4,{'spotify': 'https://open.spotify.com/track/14lUc4Rgd52pQiL6uKKtl4'}
Jimmy Jazz,Kortatu,0.469,0.749,1,-11.2,1,0.296,0.342,0.000341,0.096,0.586,95.057,127480,4,audio_features,5JU3KxDurO5jxRS6oXDKFN,spotify:track:5JU3KxDurO5jxRS6oXDKFN,https://api.spotify.com/v1/tracks/5JU3KxDurO5jxRS6oXDKFN,https://api.spotify.com/v1/audio-analysis/5JU3KxDurO5jxRS6oXDKFN,{'spotify': 'https://open.spotify.com/track/5JU3KxDurO5jxRS6oXDKFN'}
Mierda De Ciudad,Kortatu,0.522,0.644,2,-11.385,1,0.0534,0.223,0.0,0.75,0.914,154.978,197480,4,audio_features,6lSJZiZqWU8Qt1fJVeFZEv,spotify:track:6lSJZiZqWU8Qt1fJVeFZEv,https://api.spotify.com/v1/tracks/6lSJZiZqWU8Qt1fJVeFZEv,https://api.spotify.com/v1/audio-analysis/6lSJZiZqWU8Qt1fJVeFZEv,{'spotify': 'https://open.spotify.com/track/6lSJZiZqWU8Qt1fJVeFZEv'}
A La Calle,Kortatu,0.544,0.672,9,-12.861,1,0.0876,0.00927,0.000175,0.144,0.658,103.605,244987,4,audio_features,2tifYa1N1sWoWlpV7D8haA,spotify:track:2tifYa1N1sWoWlpV7D8haA,https://api.spotify.com/v1/tracks/2tifYa1N1sWoWlpV7D8haA,https://api.spotify.com/v1/audio-analysis/2tifYa1N1sWoWlpV7D8haA,{'spotify': 'https://open.spotify.com/track/2tifYa1N1sWoWlpV7D8haA'}
La Linea del Frente,Kortatu,0.375,0.752,4,-8.294,1,0.0559,0.0421,2.41e-06,0.538,0.824,162.023,241560,4,audio_features,1EMaKyJCQIfPPRUEHdW3Wk,spotify:track:1EMaKyJCQIfPPRUEHdW3Wk,https://api.spotify.com/v1/tracks/1EMaKyJCQIfPPRUEHdW3Wk,https://api.spotify.com/v1/audio-analysis/1EMaKyJCQIfPPRUEHdW3Wk,{'spotify': 'https://open.spotify.com/track/1EMaKyJCQIfPPRUEHdW3Wk'}
Jainkoak Gorde Beza Lehendakaria,Negu Gorriak,0.31,0.954,5,-7.228,1,0.0806,0.0149,0.0,0.355,0.509,130.383,137053,4,audio_features,5gc0SYzwuBlObAqDFyMVa2,spotify:track:5gc0SYzwuBlObAqDFyMVa2,https://api.spotify.com/v1/tracks/5gc0SYzwuBlObAqDFyMVa2,https://api.spotify.com/v1/audio-analysis/5gc0SYzwuBlObAqDFyMVa2,{'spotify': 'https://open.spotify.com/track/5gc0SYzwuBlObAqDFyMVa2'}
Juerga,Cizaña,0.511,0.991,4,-4.16,1,0.123,0.0256,0.0,0.185,0.397,97.733,182857,4,audio_features,6dmaBgrJFB1QkE8sfCzNSe,spotify:track:6dmaBgrJFB1QkE8sfCzNSe,https://api.spotify.com/v1/tracks/6dmaBgrJFB1QkE8sfCzNSe,https://api.spotify.com/v1/audio-analysis/6dmaBgrJFB1QkE8sfCzNSe,{'spotify': 'https://open.spotify.com/track/6dmaBgrJFB1QkE8sfCzNSe'}
Pobre Licenciado,Cizaña,0.468,0.961,9,-6.479,1,0.351,0.0146,0.0,0.26,0.232,151.644,253571,4,audio_features,5Xy3kriqyQ9ihrH3glmvUS,spotify:track:5Xy3kriqyQ9ihrH3glmvUS,https://api.spotify.com/v1/tracks/5Xy3kriqyQ9ihrH3glmvUS,https://api.spotify.com/v1/audio-analysis/5Xy3kriqyQ9ihrH3glmvUS,{'spotify': 'https://open.spotify.com/track/5Xy3kriqyQ9ihrH3glmvUS'}
Algún Día...,Cizaña,0.393,0.964,11,-5.753,1,0.155,0.00706,0.0,0.175,0.775,139.852,163657,4,audio_features,4twlO0SMHFoHbYbpoxM0yd,spotify:track:4twlO0SMHFoHbYbpoxM0yd,https://api.spotify.com/v1/tracks/4twlO0SMHFoHbYbpoxM0yd,https://api.spotify.com/v1/audio-analysis/4twlO0SMHFoHbYbpoxM0yd,{'spotify': 'https://open.spotify.com/track/4twlO0SMHFoHbYbpoxM0yd'}
Cuéntame,Cizaña,0.496,0.928,7,-4.577,1,0.157,0.0496,0.0,0.0792,0.655,140.643,266762,4,audio_features,4M1IHbWFLugTQrvOIdPgIh,spotify:track:4M1IHbWFLugTQrvOIdPgIh,https://api.spotify.com/v1/tracks/4M1IHbWFLugTQrvOIdPgIh,https://api.spotify.com/v1/audio-analysis/4M1IHbWFLugTQrvOIdPgIh,{'spotify': 'https://open.spotify.com/track/4M1IHbWFLugTQrvOIdPgIh'}
Ni Dios Ni Amo,Los Muertos de Cristo,0.332,0.894,11,-6.106,0,0.0471,0.0207,0.0,0.125,0.641,174.007,164833,4,audio_features,2RkipX6jdv4jEBU99SpH8p,spotify:track:2RkipX6jdv4jEBU99SpH8p,https://api.spotify.com/v1/tracks/2RkipX6jdv4jEBU99SpH8p,https://api.spotify.com/v1/audio-analysis/2RkipX6jdv4jEBU99SpH8p,{'spotify': 'https://open.spotify.com/track/2RkipX6jdv4jEBU99SpH8p'}
Obreros Somos,Los Muertos de Cristo,0.291,0.88,2,-5.301,1,0.0478,0.0266,0.00037,0.0797,0.312,178.834,284186,4,audio_features,4plj4Q0DglThj4bfSpNe23,spotify:track:4plj4Q0DglThj4bfSpNe23,https://api.spotify.com/v1/tracks/4plj4Q0DglThj4bfSpNe23,https://api.spotify.com/v1/audio-analysis/4plj4Q0DglThj4bfSpNe23,{'spotify': 'https://open.spotify.com/track/4plj4Q0DglThj4bfSpNe23'}
Los Gritos del Silencio 1 - En Directo (Madrid),Los Muertos de Cristo,0.229,0.993,7,-1.639,0,0.147,0.0211,0.0,0.568,0.362,153.697,183824,4,audio_features,3LAx4FwxqakpDI5hTcVhog,spotify:track:3LAx4FwxqakpDI5hTcVhog,https://api.spotify.com/v1/tracks/3LAx4FwxqakpDI5hTcVhog,https://api.spotify.com/v1/audio-analysis/3LAx4FwxqakpDI5hTcVhog,{'spotify': 'https://open.spotify.com/track/3LAx4FwxqakpDI5hTcVhog'}
Los Gritos del Silencio 2 - En Directo (Madrid),Los Muertos de Cristo,0.308,0.991,5,-1.711,1,0.111,0.0239,0.0,0.384,0.284,109.271,203389,4,audio_features,3Kc5Vh6lFnFwCVeEyYzoL3,spotify:track:3Kc5Vh6lFnFwCVeEyYzoL3,https://api.spotify.com/v1/tracks/3Kc5Vh6lFnFwCVeEyYzoL3,https://api.spotify.com/v1/audio-analysis/3Kc5Vh6lFnFwCVeEyYzoL3,{'spotify': 'https://open.spotify.com/track/3Kc5Vh6lFnFwCVeEyYzoL3'}
Ave Fénix,El Noi del Sucre,0.538,0.88,9,-5.552,0,0.0899,0.014,0.0,0.266,0.352,139.928,265000,4,audio_features,5yEPGpmHYYNOG5WuTjHXK8,spotify:track:5yEPGpmHYYNOG5WuTjHXK8,https://api.spotify.com/v1/tracks/5yEPGpmHYYNOG5WuTjHXK8,https://api.spotify.com/v1/audio-analysis/5yEPGpmHYYNOG5WuTjHXK8,{'spotify': 'https://open.spotify.com/track/5yEPGpmHYYNOG5WuTjHXK8'}
Anarko-Windows,El Noi del Sucre,0.542,0.999,7,-1.917,1,0.0803,0.0096,9.97e-05,0.249,0.222,119.988,239000,4,audio_features,7EHqo0NWfPJ0butovmEeaX,spotify:track:7EHqo0NWfPJ0butovmEeaX,https://api.spotify.com/v1/tracks/7EHqo0NWfPJ0butovmEeaX,https://api.spotify.com/v1/audio-analysis/7EHqo0NWfPJ0butovmEeaX,{'spotify': 'https://open.spotify.com/track/7EHqo0NWfPJ0butovmEeaX'}
Rock'n'roll,Cicatriz,0.618,0.707,7,-12.337,1,0.0613,0.000309,0.177,0.206,0.777,117.904,82493,4,audio_features,1TOJwpeEGYEXaUmYDKDGwd,spotify:track:1TOJwpeEGYEXaUmYDKDGwd,https://api.spotify.com/v1/tracks/1TOJwpeEGYEXaUmYDKDGwd,https://api.spotify.com/v1/audio-analysis/1TOJwpeEGYEXaUmYDKDGwd,{'spotify': 'https://open.spotify.com/track/1TOJwpeEGYEXaUmYDKDGwd'}
Lola,Cicatriz,0.511,0.907,7,-4.053,1,0.0529,0.000108,0.0,0.318,0.677,148.101,220920,4,audio_features,3GN7Z74sZHUDPHh6ulvWpJ,spotify:track:3GN7Z74sZHUDPHh6ulvWpJ,https://api.spotify.com/v1/tracks/3GN7Z74sZHUDPHh6ulvWpJ,https://api.spotify.com/v1/audio-analysis/3GN7Z74sZHUDPHh6ulvWpJ,{'spotify': 'https://open.spotify.com/track/3GN7Z74sZHUDPHh6ulvWpJ'}
Enemigo Publico,Cicatriz,0.42,0.715,4,-12.244,0,0.0548,0.0203,0.106,0.0693,0.447,165.149,158947,4,audio_features,2U79EanNfw7bRqC68Jnfgf,spotify:track:2U79EanNfw7bRqC68Jnfgf,https://api.spotify.com/v1/tracks/2U79EanNfw7bRqC68Jnfgf,https://api.spotify.com/v1/audio-analysis/2U79EanNfw7bRqC68Jnfgf,{'spotify': 'https://open.spotify.com/track/2U79EanNfw7bRqC68Jnfgf'}
Esto Saldra Bien,Cicatriz,0.488,0.533,7,-13.495,1,0.0443,0.000233,0.149,0.222,0.727,156.346,228720,4,audio_features,4jtwFHIsFDuwTfqfMyCOUi,spotify:track:4jtwFHIsFDuwTfqfMyCOUi,https://api.spotify.com/v1/tracks/4jtwFHIsFDuwTfqfMyCOUi,https://api.spotify.com/v1/audio-analysis/4jtwFHIsFDuwTfqfMyCOUi,{'spotify': 'https://open.spotify.com/track/4jtwFHIsFDuwTfqfMyCOUi'}
No Puedes Dejar el Punk,Asto Pituak,0.506,0.949,4,-6.996,1,0.0506,0.0118,0.0,0.072,0.507,100.747,134087,4,audio_features,1Am4MGIUVnBm8gkoFAkMZ6,spotify:track:1Am4MGIUVnBm8gkoFAkMZ6,https://api.spotify.com/v1/tracks/1Am4MGIUVnBm8gkoFAkMZ6,https://api.spotify.com/v1/audio-analysis/1Am4MGIUVnBm8gkoFAkMZ6,{'spotify': 'https://open.spotify.com/track/1Am4MGIUVnBm8gkoFAkMZ6'}
El Olor de un Pedo,Asto Pituak,0.396,0.938,4,-6.137,1,0.0719,0.363,0.0,0.0619,0.56,148.19,182282,4,audio_features,1biufs14yn0qLmsIxlX5y4,spotify:track:1biufs14yn0qLmsIxlX5y4,https://api.spotify.com/v1/tracks/1biufs14yn0qLmsIxlX5y4,https://api.spotify.com/v1/audio-analysis/1biufs14yn0qLmsIxlX5y4,{'spotify': 'https://open.spotify.com/track/1biufs14yn0qLmsIxlX5y4'}
Soñe... y Lucho Por ella,Asto Pituak,0.277,0.952,9,-6.489,1,0.171,0.00863,0.0,0.672,0.301,162.918,208744,4,audio_features,1fNbLWJFWb1UoC8k0CCs69,spotify:track:1fNbLWJFWb1UoC8k0CCs69,https://api.spotify.com/v1/tracks/1fNbLWJFWb1UoC8k0CCs69,https://api.spotify.com/v1/audio-analysis/1fNbLWJFWb1UoC8k0CCs69,{'spotify': 'https://open.spotify.com/track/1fNbLWJFWb1UoC8k0CCs69'}
Bailaré Sobre Tu Tumba,Siniestro Total,0.526,0.776,4,-4.904,1,0.0642,0.107,0.0,0.0967,0.781,132.509,186467,4,audio_features,7vd5Lq3E3lh38v9yY6hfO7,spotify:track:7vd5Lq3E3lh38v9yY6hfO7,https://api.spotify.com/v1/tracks/7vd5Lq3E3lh38v9yY6hfO7,https://api.spotify.com/v1/audio-analysis/7vd5Lq3E3lh38v9yY6hfO7,{'spotify': 'https://open.spotify.com/track/7vd5Lq3E3lh38v9yY6hfO7'}
Cuanta Puta y Yo Que Viejo,Siniestro Total,0.542,0.857,0,-7.055,1,0.0349,0.183,1.7e-06,0.379,0.637,143.572,168867,4,audio_features,4wehIPk8ns0UX9IN0OvHgP,spotify:track:4wehIPk8ns0UX9IN0OvHgP,https://api.spotify.com/v1/tracks/4wehIPk8ns0UX9IN0OvHgP,https://api.spotify.com/v1/audio-analysis/4wehIPk8ns0UX9IN0OvHgP,{'spotify': 'https://open.spotify.com/track/4wehIPk8ns0UX9IN0OvHgP'}
Todo por la Napia,Siniestro Total,0.562,0.875,6,-7.787,0,0.056,0.132,0.0,0.358,0.671,134.878,204640,4,audio_features,0SBii7Bkbi5I39N5oXsAbV,spotify:track:0SBii7Bkbi5I39N5oXsAbV,https://api.spotify.com/v1/tracks/0SBii7Bkbi5I39N5oXsAbV,https://api.spotify.com/v1/audio-analysis/0SBii7Bkbi5I39N5oXsAbV,{'spotify': 'https://open.spotify.com/track/0SBii7Bkbi5I39N5oXsAbV'}
Camino de la Cama,Siniestro Total,0.401,0.889,2,-7.545,1,0.0432,0.126,0.0,0.353,0.834,162.72,209067,4,audio_features,6HqDDNH7e0LpomWf2PMsuV,spotify:track:6HqDDNH7e0LpomWf2PMsuV,https://api.spotify.com/v1/tracks/6HqDDNH7e0LpomWf2PMsuV,https://api.spotify.com/v1/audio-analysis/6HqDDNH7e0LpomWf2PMsuV,{'spotify': 'https://open.spotify.com/track/6HqDDNH7e0LpomWf2PMsuV'}
Esclavos del Siglo XXI,Gatillazo,0.486,0.968,9,-5.862,1,0.0559,0.000174,0.0,0.318,0.409,102.017,159827,4,audio_features,0tk6HwFFBSkbrn8sGKaZgq,spotify:track:0tk6HwFFBSkbrn8sGKaZgq,https://api.spotify.com/v1/tracks/0tk6HwFFBSkbrn8sGKaZgq,https://api.spotify.com/v1/audio-analysis/0tk6HwFFBSkbrn8sGKaZgq,{'spotify': 'https://open.spotify.com/track/0tk6HwFFBSkbrn8sGKaZgq'}
Cómo Convertirse en Nada,Gatillazo,0.422,0.975,7,-3.535,1,0.0678,2.02e-05,0.0637,0.336,0.331,92.001,160253,4,audio_features,7bZfAk1tgSGyIfpQZfOj3A,spotify:track:7bZfAk1tgSGyIfpQZfOj3A,https://api.spotify.com/v1/tracks/7bZfAk1tgSGyIfpQZfOj3A,https://api.spotify.com/v1/audio-analysis/7bZfAk1tgSGyIfpQZfOj3A,{'spotify': 'https://open.spotify.com/track/7bZfAk1tgSGyIfpQZfOj3A'}
Mucha Muerte,Gatillazo,0.399,0.963,7,-3.276,1,0.0627,1.11e-05,4.53e-06,0.286,0.691,166.03,157360,4,audio_features,0tFCWJO9QwwOf5gtXnkoYt,spotify:track:0tFCWJO9QwwOf5gtXnkoYt,https://api.spotify.com/v1/tracks/0tFCWJO9QwwOf5gtXnkoYt,https://api.spotify.com/v1/audio-analysis/0tFCWJO9QwwOf5gtXnkoYt,{'spotify': 'https://open.spotify.com/track/0tFCWJO9QwwOf5gtXnkoYt'}
La Última Patada,Gatillazo,0.441,0.966,9,-5.821,1,0.0486,0.00128,0.0,0.356,0.311,149.927,192800,4,audio_features,0QobiDnqGnnbbW8Duu9j90,spotify:track:0QobiDnqGnnbbW8Duu9j90,https://api.spotify.com/v1/tracks/0QobiDnqGnnbbW8Duu9j90,https://api.spotify.com/v1/audio-analysis/0QobiDnqGnnbbW8Duu9j90,{'spotify': 'https://open.spotify.com/track/0QobiDnqGnnbbW8Duu9j90'}
Ponte Wapa,The Meas,0.386,0.946,11,-5.053,0,0.123,0.00775,6.21e-05,0.204,0.478,159.917,116707,4,audio_features,780yIjem9WPybCTotzOQA1,spotify:track:780yIjem9WPybCTotzOQA1,https://api.spotify.com/v1/tracks/780yIjem9WPybCTotzOQA1,https://api.spotify.com/v1/audio-analysis/780yIjem9WPybCTotzOQA1,{'spotify': 'https://open.spotify.com/track/780yIjem9WPybCTotzOQA1'}
Come Libertad,The Kagas,0.566,0.927,2,-5.604,1,0.0484,0.064,0.0,0.0799,0.744,94.906,160067,4,audio_features,5xF3Co2jQwbQTzjrWxpyi8,spotify:track:5xF3Co2jQwbQTzjrWxpyi8,https://api.spotify.com/v1/tracks/5xF3Co2jQwbQTzjrWxpyi8,https://api.spotify.com/v1/audio-analysis/5xF3Co2jQwbQTzjrWxpyi8,{'spotify': 'https://open.spotify.com/track/5xF3Co2jQwbQTzjrWxpyi8'}
Chanquete Ha Muerto,Mama Ladilla,0.633,0.781,2,-8.915,1,0.253,0.258,9.1e-05,0.415,0.364,109.896,143067,4,audio_features,2V270ly9CwPcky10zyrcUo,spotify:track:2V270ly9CwPcky10zyrcUo,https://api.spotify.com/v1/tracks/2V270ly9CwPcky10zyrcUo,https://api.spotify.com/v1/audio-analysis/2V270ly9CwPcky10zyrcUo,{'spotify': 'https://open.spotify.com/track/2V270ly9CwPcky10zyrcUo'}
El Amor No Tiene Edad,Mama Ladilla,0.459,0.855,11,-8.885,1,0.0745,0.000205,0.00259,0.152,0.784,167.896,132467,4,audio_features,1T0TFDXKlCCSBvvyHUr1uI,spotify:track:1T0TFDXKlCCSBvvyHUr1uI,https://api.spotify.com/v1/tracks/1T0TFDXKlCCSBvvyHUr1uI,https://api.spotify.com/v1/audio-analysis/1T0TFDXKlCCSBvvyHUr1uI,{'spotify': 'https://open.spotify.com/track/1T0TFDXKlCCSBvvyHUr1uI'}
No para Ti,Mama Ladilla,0.634,0.814,0,-7.143,1,0.0728,0.18,7.97e-06,0.11,0.625,122.932,222245,4,audio_features,0td9Hfz1nYZ35txNbze35Y,spotify:track:0td9Hfz1nYZ35txNbze35Y,https://api.spotify.com/v1/tracks/0td9Hfz1nYZ35txNbze35Y,https://api.spotify.com/v1/audio-analysis/0td9Hfz1nYZ35txNbze35Y,{'spotify': 'https://open.spotify.com/track/0td9Hfz1nYZ35txNbze35Y'}
"Naces, Creces, Te Jodes y Mueres",Mama Ladilla,0.443,0.904,9,-7.744,1,0.0483,0.0242,0.0,0.25,0.598,169.89,128524,4,audio_features,69IDs9wpSqSnr0rHUrBGMl,spotify:track:69IDs9wpSqSnr0rHUrBGMl,https://api.spotify.com/v1/tracks/69IDs9wpSqSnr0rHUrBGMl,https://api.spotify.com/v1/audio-analysis/69IDs9wpSqSnr0rHUrBGMl,{'spotify': 'https://open.spotify.com/track/69IDs9wpSqSnr0rHUrBGMl'}
El Espiritu Oi!,Non Servium,0.288,0.956,4,-4.824,1,0.0853,0.000373,0.0,0.328,0.317,90.889,313933,4,audio_features,3PxT7mpBfBBLTFBqPbaV9T,spotify:track:3PxT7mpBfBBLTFBqPbaV9T,https://api.spotify.com/v1/tracks/3PxT7mpBfBBLTFBqPbaV9T,https://api.spotify.com/v1/audio-analysis/3PxT7mpBfBBLTFBqPbaV9T,{'spotify': 'https://open.spotify.com/track/3PxT7mpBfBBLTFBqPbaV9T'}
Animal,Non Servium,0.291,0.904,4,-5.14,0,0.0476,0.00103,0.0,0.126,0.169,123.805,398107,4,audio_features,7f1YkJvIMeAC95kNgdzZ3n,spotify:track:7f1YkJvIMeAC95kNgdzZ3n,https://api.spotify.com/v1/tracks/7f1YkJvIMeAC95kNgdzZ3n,https://api.spotify.com/v1/audio-analysis/7f1YkJvIMeAC95kNgdzZ3n,{'spotify': 'https://open.spotify.com/track/7f1YkJvIMeAC95kNgdzZ3n'}
Intenta Disfrutar,Non Servium,0.174,0.968,9,-1.79,1,0.0708,7.14e-05,1.32e-05,0.314,0.379,99.346,236560,4,audio_features,1CyHLYzot3MSPqM0q6J8Km,spotify:track:1CyHLYzot3MSPqM0q6J8Km,https://api.spotify.com/v1/tracks/1CyHLYzot3MSPqM0q6J8Km,https://api.spotify.com/v1/audio-analysis/1CyHLYzot3MSPqM0q6J8Km,{'spotify': 'https://open.spotify.com/track/1CyHLYzot3MSPqM0q6J8Km'}
Pandilleros,Kaos Urbano,0.354,0.973,9,-3.18,1,0.222,0.000102,0.0,0.37,0.36,165.794,177120,4,audio_features,4Y5xtGR44TTrJ2MvjmYr0I,spotify:track:4Y5xtGR44TTrJ2MvjmYr0I,https://api.spotify.com/v1/tracks/4Y5xtGR44TTrJ2MvjmYr0I,https://api.spotify.com/v1/audio-analysis/4Y5xtGR44TTrJ2MvjmYr0I,{'spotify': 'https://open.spotify.com/track/4Y5xtGR44TTrJ2MvjmYr0I'}
Por Volverte a Ver,Kaos Urbano,0.203,0.925,2,-2.793,1,0.0743,1.33e-05,0.0823,0.208,0.352,123.528,210680,4,audio_features,0UlAiBK2lvY6NP3MbWS9E1,spotify:track:0UlAiBK2lvY6NP3MbWS9E1,https://api.spotify.com/v1/tracks/0UlAiBK2lvY6NP3MbWS9E1,https://api.spotify.com/v1/audio-analysis/0UlAiBK2lvY6NP3MbWS9E1,{'spotify': 'https://open.spotify.com/track/0UlAiBK2lvY6NP3MbWS9E1'}
Años Salvajes,Kaos Urbano,0.286,0.901,2,-3.195,1,0.0512,0.0014,2.23e-05,0.366,0.575,111.266,178613,4,audio_features,0AdkbiB9IlOpGAvRoGfG5V,spotify:track:0AdkbiB9IlOpGAvRoGfG5V,https://api.spotify.com/v1/tracks/0AdkbiB9IlOpGAvRoGfG5V,https://api.spotify.com/v1/audio-analysis/0AdkbiB9IlOpGAvRoGfG5V,{'spotify': 'https://open.spotify.com/track/0AdkbiB9IlOpGAvRoGfG5V'}
El Gato Lopez,Ska-P,0.605,0.989,0,-1.68,1,0.0901,0.069,0.0,0.33,0.727,110.103,160627,4,audio_features,6oytv9amMEx3pxSw9UmEtv,spotify:track:6oytv9amMEx3pxSw9UmEtv,https://api.spotify.com/v1/tracks/6oytv9amMEx3pxSw9UmEtv,https://api.spotify.com/v1/audio-analysis/6oytv9amMEx3pxSw9UmEtv,{'spotify': 'https://open.spotify.com/track/6oytv9amMEx3pxSw9UmEtv'}
Mis Colegas,Ska-P,0.532,0.96,7,-2.188,1,0.0487,0.00151,5.29e-06,0.0639,0.689,163.841,251440,4,audio_features,0p3rxgmQPN5y6QEMzliGZc,spotify:track:0p3rxgmQPN5y6QEMzliGZc,https://api.spotify.com/v1/tracks/0p3rxgmQPN5y6QEMzliGZc,https://api.spotify.com/v1/audio-analysis/0p3rxgmQPN5y6QEMzliGZc,{'spotify': 'https://open.spotify.com/track/0p3rxgmQPN5y6QEMzliGZc'}
El Vals del Obrero,Ska-P,0.505,0.835,5,-5.524,1,0.0685,0.0418,1.12e-06,0.171,0.674,102.097,277933,4,audio_features,4UjqoyfmarLo3Ub3LE19eC,spotify:track:4UjqoyfmarLo3Ub3LE19eC,https://api.spotify.com/v1/tracks/4UjqoyfmarLo3Ub3LE19eC,https://api.spotify.com/v1/audio-analysis/4UjqoyfmarLo3Ub3LE19eC,{'spotify': 'https://open.spotify.com/track/4UjqoyfmarLo3Ub3LE19eC'}
Consumo Gusto,Ska-P,0.558,0.942,5,-3.832,1,0.0954,0.00105,0.00731,0.134,0.865,152.101,238427,4,audio_features,0sNwv0cBkQCtvAfjzJZbQ8,spotify:track:0sNwv0cBkQCtvAfjzJZbQ8,https://api.spotify.com/v1/tracks/0sNwv0cBkQCtvAfjzJZbQ8,https://api.spotify.com/v1/audio-analysis/0sNwv0cBkQCtvAfjzJZbQ8,{'spotify': 'https://open.spotify.com/track/0sNwv0cBkQCtvAfjzJZbQ8'}
Daños Colaterales,Envidia Kotxina,0.479,0.977,0,-2.881,1,0.055,0.022,1.13e-05,0.576,0.93,189.99,163841,4,audio_features,3jIPaxrkvtUkbCusj7cAIM,spotify:track:3jIPaxrkvtUkbCusj7cAIM,https://api.spotify.com/v1/tracks/3jIPaxrkvtUkbCusj7cAIM,https://api.spotify.com/v1/audio-analysis/3jIPaxrkvtUkbCusj7cAIM,{'spotify': 'https://open.spotify.com/track/3jIPaxrkvtUkbCusj7cAIM'}
Estado Policial,Envidia Kotxina,0.397,0.899,2,-9.187,1,0.077,0.000507,0.0,0.0587,0.726,149.137,115813,4,audio_features,4Pm4iu6GLyOBcXG6P2hwyZ,spotify:track:4Pm4iu6GLyOBcXG6P2hwyZ,https://api.spotify.com/v1/tracks/4Pm4iu6GLyOBcXG6P2hwyZ,https://api.spotify.com/v1/audio-analysis/4Pm4iu6GLyOBcXG6P2hwyZ,{'spotify': 'https://open.spotify.com/track/4Pm4iu6GLyOBcXG6P2hwyZ'}
Kampos de Exterminio,Envidia Kotxina,0.346,0.799,11,-9.914,0,0.0781,0.000434,0.0,0.194,0.552,110.363,126347,4,audio_features,5MwFI7qHsFoZ1eeqs6QTzF,spotify:track:5MwFI7qHsFoZ1eeqs6QTzF,https://api.spotify.com/v1/tracks/5MwFI7qHsFoZ1eeqs6QTzF,https://api.spotify.com/v1/audio-analysis/5MwFI7qHsFoZ1eeqs6QTzF,{'spotify': 'https://open.spotify.com/track/5MwFI7qHsFoZ1eeqs6QTzF'}
No Puedo Konsentir,Envidia Kotxina,0.27,0.847,2,-9.006,1,0.119,0.0013,1e-06,0.214,0.708,154.932,116307,4,audio_features,5kDF6fm61F6PRNhErRxstK,spotify:track:5kDF6fm61F6PRNhErRxstK,https://api.spotify.com/v1/tracks/5kDF6fm61F6PRNhErRxstK,https://api.spotify.com/v1/audio-analysis/5kDF6fm61F6PRNhErRxstK,{'spotify': 'https://open.spotify.com/track/5kDF6fm61F6PRNhErRxstK'}
Rompiste a Gritar,Kutxillo,0.648,0.726,7,-9.699,1,0.115,0.0137,0.0,0.155,0.572,95.957,180000,4,audio_features,3sKHQsHAg4ItYgGrSTxZWk,spotify:track:3sKHQsHAg4ItYgGrSTxZWk,https://api.spotify.com/v1/tracks/3sKHQsHAg4ItYgGrSTxZWk,https://api.spotify.com/v1/audio-analysis/3sKHQsHAg4ItYgGrSTxZWk,{'spotify': 'https://open.spotify.com/track/3sKHQsHAg4ItYgGrSTxZWk'}
Lo Que Nos Queda,Javi Chispes,0.351,0.897,8,-7.345,1,0.0468,0.000709,0.00288,0.237,0.537,179.99,208666,4,audio_features,4b7HkJU5yJXvC3rcFDnEin,spotify:track:4b7HkJU5yJXvC3rcFDnEin,https://api.spotify.com/v1/tracks/4b7HkJU5yJXvC3rcFDnEin,https://api.spotify.com/v1/audio-analysis/4b7HkJU5yJXvC3rcFDnEin,{'spotify': 'https://open.spotify.com/track/4b7HkJU5yJXvC3rcFDnEin'}
Colr De Corazón,Maniatica,0.517,0.832,1,-6.076,1,0.0361,0.00648,0.000278,0.0549,0.617,109.903,263667,4,audio_features,4NCmICH60NZgazDOrUFRPh,spotify:track:4NCmICH60NZgazDOrUFRPh,https://api.spotify.com/v1/tracks/4NCmICH60NZgazDOrUFRPh,https://api.spotify.com/v1/audio-analysis/4NCmICH60NZgazDOrUFRPh,{'spotify': 'https://open.spotify.com/track/4NCmICH60NZgazDOrUFRPh'}
Entre Los Barrotes,Maniatica,0.451,0.894,1,-4.699,1,0.0739,0.0261,8.57e-05,0.038,0.464,109.674,191907,4,audio_features,2YpEThXMuJJOgRBMgWZIAG,spotify:track:2YpEThXMuJJOgRBMgWZIAG,https://api.spotify.com/v1/tracks/2YpEThXMuJJOgRBMgWZIAG,https://api.spotify.com/v1/audio-analysis/2YpEThXMuJJOgRBMgWZIAG,{'spotify': 'https://open.spotify.com/track/2YpEThXMuJJOgRBMgWZIAG'}
Poder,Maniatica,0.572,0.661,5,-6.453,0,0.0277,0.000641,0.000267,0.0905,0.677,105.992,280120,4,audio_features,7rjGjtjFM9gJKZs697fP0o,spotify:track:7rjGjtjFM9gJKZs697fP0o,https://api.spotify.com/v1/tracks/7rjGjtjFM9gJKZs697fP0o,https://api.spotify.com/v1/audio-analysis/7rjGjtjFM9gJKZs697fP0o,{'spotify': 'https://open.spotify.com/track/7rjGjtjFM9gJKZs697fP0o'}
Pepino,Maniatica,0.672,0.53,2,-8.458,0,0.32,0.045,1.12e-06,0.079,0.896,100.762,163436,4,audio_features,6PxdsSIsgimQ6lF5e1SKXz,spotify:track:6PxdsSIsgimQ6lF5e1SKXz,https://api.spotify.com/v1/tracks/6PxdsSIsgimQ6lF5e1SKXz,https://api.spotify.com/v1/audio-analysis/6PxdsSIsgimQ6lF5e1SKXz,{'spotify': 'https://open.spotify.com/track/6PxdsSIsgimQ6lF5e1SKXz'}
Paga Papa,Sin Dios,0.354,0.903,9,-7.889,1,0.07,0.00051,0.0304,0.331,0.384,95.633,173560,4,audio_features,5x8LXtwvQyTCyB0lkNqm0I,spotify:track:5x8LXtwvQyTCyB0lkNqm0I,https://api.spotify.com/v1/tracks/5x8LXtwvQyTCyB0lkNqm0I,https://api.spotify.com/v1/audio-analysis/5x8LXtwvQyTCyB0lkNqm0I,{'spotify': 'https://open.spotify.com/track/5x8LXtwvQyTCyB0lkNqm0I'}
Ingobernables,Sin Dios,0.505,0.91,0,-5.18,1,0.0376,0.00677,0.00894,0.0639,0.843,138.327,143773,4,audio_features,6LIYAz9F18XqzI1AY7RNtS,spotify:track:6LIYAz9F18XqzI1AY7RNtS,https://api.spotify.com/v1/tracks/6LIYAz9F18XqzI1AY7RNtS,https://api.spotify.com/v1/audio-analysis/6LIYAz9F18XqzI1AY7RNtS,{'spotify': 'https://open.spotify.com/track/6LIYAz9F18XqzI1AY7RNtS'}
Banderas Negras,Sin Dios,0.337,0.971,2,-6.204,1,0.0772,0.000714,0.00133,0.067,0.414,159.854,126333,4,audio_features,5gblzd8dHI21bSrLUBlKPR,spotify:track:5gblzd8dHI21bSrLUBlKPR,https://api.spotify.com/v1/tracks/5gblzd8dHI21bSrLUBlKPR,https://api.spotify.com/v1/audio-analysis/5gblzd8dHI21bSrLUBlKPR,{'spotify': 'https://open.spotify.com/track/5gblzd8dHI21bSrLUBlKPR'}
Cancion de Amor (Celda de Aislamiento),Sin Dios,0.361,0.962,0,-4.719,0,0.127,0.000164,3.51e-06,0.252,0.37,99.392,182547,4,audio_features,1jzzq1EHSEpAk1LOgIn464,spotify:track:1jzzq1EHSEpAk1LOgIn464,https://api.spotify.com/v1/tracks/1jzzq1EHSEpAk1LOgIn464,https://api.spotify.com/v1/audio-analysis/1jzzq1EHSEpAk1LOgIn464,{'spotify': 'https://open.spotify.com/track/1jzzq1EHSEpAk1LOgIn464'}
Estamos fracasando,Rotura,0.385,0.97,1,-3.314,0,0.0872,0.0012,0.000256,0.0382,0.36,107.84,112385,4,audio_features,6fqaLDh7dYThd0Z6HGT30r,spotify:track:6fqaLDh7dYThd0Z6HGT30r,https://api.spotify.com/v1/tracks/6fqaLDh7dYThd0Z6HGT30r,https://api.spotify.com/v1/audio-analysis/6fqaLDh7dYThd0Z6HGT30r,{'spotify': 'https://open.spotify.com/track/6fqaLDh7dYThd0Z6HGT30r'}
Palabras,Rotura,0.0958,0.958,2,-3.42,1,0.131,0.000207,0.0107,0.199,0.302,201.857,204893,4,audio_features,09vIu2RZLvbIDYUL1sczXy,spotify:track:09vIu2RZLvbIDYUL1sczXy,https://api.spotify.com/v1/tracks/09vIu2RZLvbIDYUL1sczXy,https://api.spotify.com/v1/audio-analysis/09vIu2RZLvbIDYUL1sczXy,{'spotify': 'https://open.spotify.com/track/09vIu2RZLvbIDYUL1sczXy'}
Siluetas vacías,Rotura,0.356,0.974,9,-2.754,1,0.0733,0.00251,0.111,0.057,0.437,103.439,169691,4,audio_features,7MQOPC5K32UKOkQ49UcQaB,spotify:track:7MQOPC5K32UKOkQ49UcQaB,https://api.spotify.com/v1/tracks/7MQOPC5K32UKOkQ49UcQaB,https://api.spotify.com/v1/audio-analysis/7MQOPC5K32UKOkQ49UcQaB,{'spotify': 'https://open.spotify.com/track/7MQOPC5K32UKOkQ49UcQaB'}
Recuerdos,Rotura,0.336,0.919,5,-4.158,1,0.0804,0.000655,0.0625,0.355,0.446,100.452,161460,4,audio_features,2Rx6DR2O5aHtHyJ1QxmbAg,spotify:track:2Rx6DR2O5aHtHyJ1QxmbAg,https://api.spotify.com/v1/tracks/2Rx6DR2O5aHtHyJ1QxmbAg,https://api.spotify.com/v1/audio-analysis/2Rx6DR2O5aHtHyJ1QxmbAg,{'spotify': 'https://open.spotify.com/track/2Rx6DR2O5aHtHyJ1QxmbAg'}
Lakra Social,Animales Muertos,0.483,0.986,0,-10.666,1,0.318,0.00115,0.0,0.126,0.216,161.607,113124,3,audio_features,5kUtoNv65BbTF777Nq6HiF,spotify:track:5kUtoNv65BbTF777Nq6HiF,https://api.spotify.com/v1/tracks/5kUtoNv65BbTF777Nq6HiF,https://api.spotify.com/v1/audio-analysis/5kUtoNv65BbTF777Nq6HiF,{'spotify': 'https://open.spotify.com/track/5kUtoNv65BbTF777Nq6HiF'}
Nosotros Somos la Venganza,Animales Muertos,0.523,0.946,0,-11.494,1,0.0593,8.74e-05,0.000766,0.0374,0.495,167.641,155312,4,audio_features,1UZiZgWMqnxWjpyYmCP87w,spotify:track:1UZiZgWMqnxWjpyYmCP87w,https://api.spotify.com/v1/tracks/1UZiZgWMqnxWjpyYmCP87w,https://api.spotify.com/v1/audio-analysis/1UZiZgWMqnxWjpyYmCP87w,{'spotify': 'https://open.spotify.com/track/1UZiZgWMqnxWjpyYmCP87w'}
Animales Muertos,Animales Muertos,0.453,0.987,2,-11.146,1,0.0688,0.000345,0.0,0.0403,0.545,165.48,79348,4,audio_features,1ghECCrR8QXLwIWT70k0gH,spotify:track:1ghECCrR8QXLwIWT70k0gH,https://api.spotify.com/v1/tracks/1ghECCrR8QXLwIWT70k0gH,https://api.spotify.com/v1/audio-analysis/1ghECCrR8QXLwIWT70k0gH,{'spotify': 'https://open.spotify.com/track/1ghECCrR8QXLwIWT70k0gH'}
Borregos,Gérmenes,0.377,0.985,0,-3.518,1,0.142,0.0397,0.0,0.475,0.633,166.383,123159,4,audio_features,6i4rbLR7eblVntTGcnXgIa,spotify:track:6i4rbLR7eblVntTGcnXgIa,https://api.spotify.com/v1/tracks/6i4rbLR7eblVntTGcnXgIa,https://api.spotify.com/v1/audio-analysis/6i4rbLR7eblVntTGcnXgIa,{'spotify': 'https://open.spotify.com/track/6i4rbLR7eblVntTGcnXgIa'}
Cual cultura,Gérmenes,0.392,0.98,2,-4.01,1,0.0745,0.00925,0.00439,0.916,0.66,169.038,275342,4,audio_features,2RYiMg8Xo27eZPHXmJJYIE,spotify:track:2RYiMg8Xo27eZPHXmJJYIE,https://api.spotify.com/v1/tracks/2RYiMg8Xo27eZPHXmJJYIE,https://api.spotify.com/v1/audio-analysis/2RYiMg8Xo27eZPHXmJJYIE,{'spotify': 'https://open.spotify.com/track/2RYiMg8Xo27eZPHXmJJYIE'}
20 K. en la espalda,Gérmenes,0.547,0.888,7,-5.119,1,0.0678,0.0126,0.0243,0.0777,0.581,147.488,139645,4,audio_features,6woiPVewbswbK2x1UKT9st,spotify:track:6woiPVewbswbK2x1UKT9st,https://api.spotify.com/v1/tracks/6woiPVewbswbK2x1UKT9st,https://api.spotify.com/v1/audio-analysis/6woiPVewbswbK2x1UKT9st,{'spotify': 'https://open.spotify.com/track/6woiPVewbswbK2x1UKT9st'}
Otra vez en tus manos,Gérmenes,0.628,0.791,8,-10.733,1,0.0817,0.00665,0.000221,0.379,0.828,93.915,153320,4,audio_features,0rkA6mYXcoAkrJ995LMQnC,spotify:track:0rkA6mYXcoAkrJ995LMQnC,https://api.spotify.com/v1/tracks/0rkA6mYXcoAkrJ995LMQnC,https://api.spotify.com/v1/audio-analysis/0rkA6mYXcoAkrJ995LMQnC,{'spotify': 'https://open.spotify.com/track/0rkA6mYXcoAkrJ995LMQnC'}
Barrenkalle,M.C.D.,0.493,0.904,2,-10.358,1,0.0365,0.00608,0.000245,0.118,0.777,102.926,202153,4,audio_features,6o3z506BT84ja6W4c3JV2D,spotify:track:6o3z506BT84ja6W4c3JV2D,https://api.spotify.com/v1/tracks/6o3z506BT84ja6W4c3JV2D,https://api.spotify.com/v1/audio-analysis/6o3z506BT84ja6W4c3JV2D,{'spotify': 'https://open.spotify.com/track/6o3z506BT84ja6W4c3JV2D'}
Entre Borrachos,M.C.D.,0.291,0.741,2,-11.649,1,0.0293,0.0264,0.0064,0.0587,0.419,99.802,227834,4,audio_features,0MWcgU61dNXl5tYUt8vZ7p,spotify:track:0MWcgU61dNXl5tYUt8vZ7p,https://api.spotify.com/v1/tracks/0MWcgU61dNXl5tYUt8vZ7p,https://api.spotify.com/v1/audio-analysis/0MWcgU61dNXl5tYUt8vZ7p,{'spotify': 'https://open.spotify.com/track/0MWcgU61dNXl5tYUt8vZ7p'}
Jódete,M.C.D.,0.314,0.947,0,-8.759,1,0.0787,0.101,0.000151,0.34,0.33,195.638,115552,4,audio_features,6su6IGboREw6V2gbviutLx,spotify:track:6su6IGboREw6V2gbviutLx,https://api.spotify.com/v1/tracks/6su6IGboREw6V2gbviutLx,https://api.spotify.com/v1/audio-analysis/6su6IGboREw6V2gbviutLx,{'spotify': 'https://open.spotify.com/track/6su6IGboREw6V2gbviutLx'}
No Hay Sitio para Ti,M.C.D.,0.454,0.943,4,-9.847,1,0.0361,0.0629,0.0,0.365,0.868,105.228,140016,4,audio_features,5BifHIqV0GWVNgAbR1BKlU,spotify:track:5BifHIqV0GWVNgAbR1BKlU,https://api.spotify.com/v1/tracks/5BifHIqV0GWVNgAbR1BKlU,https://api.spotify.com/v1/audio-analysis/5BifHIqV0GWVNgAbR1BKlU,{'spotify': 'https://open.spotify.com/track/5BifHIqV0GWVNgAbR1BKlU'}
Muerte al Burgués,Ostia Puta,0.336,0.705,2,-10.9,1,0.0293,0.000382,0.0122,0.104,0.672,97.573,204539,4,audio_features,1CBXTYVuIgonTqJNfP5FhG,spotify:track:1CBXTYVuIgonTqJNfP5FhG,https://api.spotify.com/v1/tracks/1CBXTYVuIgonTqJNfP5FhG,https://api.spotify.com/v1/audio-analysis/1CBXTYVuIgonTqJNfP5FhG,{'spotify': 'https://open.spotify.com/track/1CBXTYVuIgonTqJNfP5FhG'}
Qué Bonito es el Amor,Ostia Puta,0.354,0.934,7,-4.972,1,0.194,0.000836,0.0,0.22,0.709,109.617,105064,4,audio_features,5lg6yaIE4Wq8mpJ9HTF1m2,spotify:track:5lg6yaIE4Wq8mpJ9HTF1m2,https://api.spotify.com/v1/tracks/5lg6yaIE4Wq8mpJ9HTF1m2,https://api.spotify.com/v1/audio-analysis/5lg6yaIE4Wq8mpJ9HTF1m2,{'spotify': 'https://open.spotify.com/track/5lg6yaIE4Wq8mpJ9HTF1m2'}
Esta Vida,Ostia Puta,0.219,0.902,2,-6.472,1,0.145,0.0088,0.000166,0.315,0.502,157.94,153600,3,audio_features,5afcrvdFjK4ZRTLKn6oegJ,spotify:track:5afcrvdFjK4ZRTLKn6oegJ,https://api.spotify.com/v1/tracks/5afcrvdFjK4ZRTLKn6oegJ,https://api.spotify.com/v1/audio-analysis/5afcrvdFjK4ZRTLKn6oegJ,{'spotify': 'https://open.spotify.com/track/5afcrvdFjK4ZRTLKn6oegJ'}
De Puta Madre,Manolo Kabezabolo,0.491,0.968,11,-2.496,1,0.0459,2.85e-05,0.0295,0.106,0.838,130.626,130200,4,audio_features,3zSG4996CtNwTpvTM5plls,spotify:track:3zSG4996CtNwTpvTM5plls,https://api.spotify.com/v1/tracks/3zSG4996CtNwTpvTM5plls,https://api.spotify.com/v1/audio-analysis/3zSG4996CtNwTpvTM5plls,{'spotify': 'https://open.spotify.com/track/3zSG4996CtNwTpvTM5plls'}
Spizofrenia (Antes de las Guerras / Adiós Reina Mía / Paz - Primero la Guerra / Es un Crimen),Manolo Kabezabolo y los ke se van del Bolo,0.358,0.97,9,-4.555,1,0.15,0.262,0.000562,0.113,0.195,62.618,149267,4,audio_features,4pFLWRvTxKIzji7xgXci27,spotify:track:4pFLWRvTxKIzji7xgXci27,https://api.spotify.com/v1/tracks/4pFLWRvTxKIzji7xgXci27,https://api.spotify.com/v1/audio-analysis/4pFLWRvTxKIzji7xgXci27,{'spotify': 'https://open.spotify.com/track/4pFLWRvTxKIzji7xgXci27'}
Tuna Punk,Manolo Kabezabolo,0.518,0.922,0,-8.613,1,0.0598,0.69,0.0,0.693,0.787,81.668,72333,4,audio_features,1WI2F2UtujhEdx8gdD8Gy4,spotify:track:1WI2F2UtujhEdx8gdD8Gy4,https://api.spotify.com/v1/tracks/1WI2F2UtujhEdx8gdD8Gy4,https://api.spotify.com/v1/audio-analysis/1WI2F2UtujhEdx8gdD8Gy4,{'spotify': 'https://open.spotify.com/track/1WI2F2UtujhEdx8gdD8Gy4'}
Las Gafas de Sol,Manolo Kabezabolo,0.323,0.988,9,-5.813,1,0.119,0.00174,7.08e-05,0.124,0.322,155.788,195707,4,audio_features,14cBNZh8gttMIy3N07aSUp,spotify:track:14cBNZh8gttMIy3N07aSUp,https://api.spotify.com/v1/tracks/14cBNZh8gttMIy3N07aSUp,https://api.spotify.com/v1/audio-analysis/14cBNZh8gttMIy3N07aSUp,{'spotify': 'https://open.spotify.com/track/14cBNZh8gttMIy3N07aSUp'}
Siervos del Poder,Nucleo Terco,0.34,0.977,9,-1.798,1,0.0487,0.00022,0.000143,0.516,0.5,164.993,185104,4,audio_features,0RfIHkGF6zbv2PMlAyuZWi,spotify:track:0RfIHkGF6zbv2PMlAyuZWi,https://api.spotify.com/v1/tracks/0RfIHkGF6zbv2PMlAyuZWi,https://api.spotify.com/v1/audio-analysis/0RfIHkGF6zbv2PMlAyuZWi,{'spotify': 'https://open.spotify.com/track/0RfIHkGF6zbv2PMlAyuZWi'}
Facción Ilegal,Nucleo Terco,0.34,0.959,9,-1.973,1,0.0648,0.000284,1.02e-06,0.758,0.543,160.212,156082,4,audio_features,1qBcE7I7d5AFVzajTM9LEq,spotify:track:1qBcE7I7d5AFVzajTM9LEq,https://api.spotify.com/v1/tracks/1qBcE7I7d5AFVzajTM9LEq,https://api.spotify.com/v1/audio-analysis/1qBcE7I7d5AFVzajTM9LEq,{'spotify': 'https://open.spotify.com/track/1qBcE7I7d5AFVzajTM9LEq'}
Sin Miedo,Nucleo Terco,0.356,0.967,11,-1.233,0,0.0618,0.00188,1.43e-06,0.802,0.582,84.839,152033,4,audio_features,7kGiAsGBeYnC6DEdQu44H5,spotify:track:7kGiAsGBeYnC6DEdQu44H5,https://api.spotify.com/v1/tracks/7kGiAsGBeYnC6DEdQu44H5,https://api.spotify.com/v1/audio-analysis/7kGiAsGBeYnC6DEdQu44H5,{'spotify': 'https://open.spotify.com/track/7kGiAsGBeYnC6DEdQu44H5'}
Cantares,Disidencia,0.333,0.915,7,-3.66,1,0.156,0.268,0.0,0.19,0.418,155.028,193520,4,audio_features,6YTqHfMKYFwWQgDgtfjReI,spotify:track:6YTqHfMKYFwWQgDgtfjReI,https://api.spotify.com/v1/tracks/6YTqHfMKYFwWQgDgtfjReI,https://api.spotify.com/v1/audio-analysis/6YTqHfMKYFwWQgDgtfjReI,{'spotify': 'https://open.spotify.com/track/6YTqHfMKYFwWQgDgtfjReI'}
Que Te Vaya Bien,Disidencia,0.477,0.947,9,-5.832,0,0.0498,0.000278,0.000337,0.151,0.786,95.925,158267,4,audio_features,41E8IHP0kDBnCjq2ci1yzw,spotify:track:41E8IHP0kDBnCjq2ci1yzw,https://api.spotify.com/v1/tracks/41E8IHP0kDBnCjq2ci1yzw,https://api.spotify.com/v1/audio-analysis/41E8IHP0kDBnCjq2ci1yzw,{'spotify': 'https://open.spotify.com/track/41E8IHP0kDBnCjq2ci1yzw'}
Aquí Otra Vez,Disidencia,0.563,0.916,0,-4.098,1,0.0484,6.63e-05,0.0146,0.403,0.904,94.93,193013,4,audio_features,0Bzs47px3eLLbNyx2b3me7,spotify:track:0Bzs47px3eLLbNyx2b3me7,https://api.spotify.com/v1/tracks/0Bzs47px3eLLbNyx2b3me7,https://api.spotify.com/v1/audio-analysis/0Bzs47px3eLLbNyx2b3me7,{'spotify': 'https://open.spotify.com/track/0Bzs47px3eLLbNyx2b3me7'}
El Mitin,Disidencia,0.457,0.936,5,-4.693,1,0.0342,0.13,8.73e-05,0.231,0.797,95.687,154240,4,audio_features,3WvNuBzL3f67TcLiIfuuaD,spotify:track:3WvNuBzL3f67TcLiIfuuaD,https://api.spotify.com/v1/tracks/3WvNuBzL3f67TcLiIfuuaD,https://api.spotify.com/v1/audio-analysis/3WvNuBzL3f67TcLiIfuuaD,{'spotify': 'https://open.spotify.com/track/3WvNuBzL3f67TcLiIfuuaD'}
Intoxicáis,Simulacro,0.371,0.905,9,-4.775,1,0.0521,0.000194,0.047,0.174,0.565,96.16,193933,4,audio_features,3IFVS0rHiQ8B2fFgbF764n,spotify:track:3IFVS0rHiQ8B2fFgbF764n,https://api.spotify.com/v1/tracks/3IFVS0rHiQ8B2fFgbF764n,https://api.spotify.com/v1/audio-analysis/3IFVS0rHiQ8B2fFgbF764n,{'spotify': 'https://open.spotify.com/track/3IFVS0rHiQ8B2fFgbF764n'}
Incorregible,Simulacro,0.204,0.96,0,-3.513,1,0.0825,0.000402,0.0,0.065,0.497,193.605,158639,4,audio_features,5NB70BILTeZ21QfoQDVk7Y,spotify:track:5NB70BILTeZ21QfoQDVk7Y,https://api.spotify.com/v1/tracks/5NB70BILTeZ21QfoQDVk7Y,https://api.spotify.com/v1/audio-analysis/5NB70BILTeZ21QfoQDVk7Y,{'spotify': 'https://open.spotify.com/track/5NB70BILTeZ21QfoQDVk7Y'}
Sin dejar de sentir,Simulacro,0.391,0.902,9,-6.604,1,0.034,1.83e-05,0.0279,0.0858,0.651,98.2,185280,4,audio_features,3RwbjYMscrapEgRQiv2uDz,spotify:track:3RwbjYMscrapEgRQiv2uDz,https://api.spotify.com/v1/tracks/3RwbjYMscrapEgRQiv2uDz,https://api.spotify.com/v1/audio-analysis/3RwbjYMscrapEgRQiv2uDz,{'spotify': 'https://open.spotify.com/track/3RwbjYMscrapEgRQiv2uDz'}
A la sombra,Simulacro,0.361,0.967,7,-4.012,1,0.0556,5.48e-06,0.000738,0.15,0.703,101.127,163326,4,audio_features,2ZnOQq9Bs8UBd0X8rdpKMM,spotify:track:2ZnOQq9Bs8UBd0X8rdpKMM,https://api.spotify.com/v1/tracks/2ZnOQq9Bs8UBd0X8rdpKMM,https://api.spotify.com/v1/audio-analysis/2ZnOQq9Bs8UBd0X8rdpKMM,{'spotify': 'https://open.spotify.com/track/2ZnOQq9Bs8UBd0X8rdpKMM'}
Esta es para ti,Fe de Ratas,0.649,0.939,0,-5.361,1,0.04,0.0629,6.56e-05,0.0882,0.621,121.484,180213,4,audio_features,67rCrzxKqcAhUVegWId2XD,spotify:track:67rCrzxKqcAhUVegWId2XD,https://api.spotify.com/v1/tracks/67rCrzxKqcAhUVegWId2XD,https://api.spotify.com/v1/audio-analysis/67rCrzxKqcAhUVegWId2XD,{'spotify': 'https://open.spotify.com/track/67rCrzxKqcAhUVegWId2XD'}
Miami's Way of Life,Fe de Ratas,0.518,0.86,0,-5.444,1,0.0736,0.0139,2.53e-06,0.262,0.634,104.857,204519,4,audio_features,5sFzialaq6riL9c3QneKYm,spotify:track:5sFzialaq6riL9c3QneKYm,https://api.spotify.com/v1/tracks/5sFzialaq6riL9c3QneKYm,https://api.spotify.com/v1/audio-analysis/5sFzialaq6riL9c3QneKYm,{'spotify': 'https://open.spotify.com/track/5sFzialaq6riL9c3QneKYm'}
Lo Que Nos Deben,Fe de Ratas,0.437,0.967,4,-5.091,1,0.0765,0.000291,0.00168,0.092,0.535,169.756,223058,4,audio_features,3Ot1T1cSCbzm3qt3fzE4CG,spotify:track:3Ot1T1cSCbzm3qt3fzE4CG,https://api.spotify.com/v1/tracks/3Ot1T1cSCbzm3qt3fzE4CG,https://api.spotify.com/v1/audio-analysis/3Ot1T1cSCbzm3qt3fzE4CG,{'spotify': 'https://open.spotify.com/track/3Ot1T1cSCbzm3qt3fzE4CG'}
Por Si Mañana,Inadaptados,0.56,0.966,7,-4.966,1,0.0496,0.00601,1.54e-06,0.0858,0.754,107.952,183507,4,audio_features,7smfNB0uwVvxKjdtCLKEBc,spotify:track:7smfNB0uwVvxKjdtCLKEBc,https://api.spotify.com/v1/tracks/7smfNB0uwVvxKjdtCLKEBc,https://api.spotify.com/v1/audio-analysis/7smfNB0uwVvxKjdtCLKEBc,{'spotify': 'https://open.spotify.com/track/7smfNB0uwVvxKjdtCLKEBc'}
En Tu Cama,Inadaptados,0.543,0.912,2,-4.953,1,0.073,0.011,1.02e-05,0.366,0.622,119.81,147280,4,audio_features,3W7TQ59aM6vAa51kNct6hB,spotify:track:3W7TQ59aM6vAa51kNct6hB,https://api.spotify.com/v1/tracks/3W7TQ59aM6vAa51kNct6hB,https://api.spotify.com/v1/audio-analysis/3W7TQ59aM6vAa51kNct6hB,{'spotify': 'https://open.spotify.com/track/3W7TQ59aM6vAa51kNct6hB'}
Hijos de la Miseria,Inadaptados,0.493,0.973,7,-5.34,1,0.0756,0.000946,0.0002,0.233,0.52,102.494,240427,4,audio_features,7kFxLPFsQhJAq4SMXnPK7z,spotify:track:7kFxLPFsQhJAq4SMXnPK7z,https://api.spotify.com/v1/tracks/7kFxLPFsQhJAq4SMXnPK7z,https://api.spotify.com/v1/audio-analysis/7kFxLPFsQhJAq4SMXnPK7z,{'spotify': 'https://open.spotify.com/track/7kFxLPFsQhJAq4SMXnPK7z'}
La Función Ya Se Acaba,Inadaptados,0.597,0.92,0,-6.161,1,0.0703,0.0305,3.05e-05,0.284,0.824,120.042,148427,4,audio_features,6uzGyd7kXTzp1E1mzYL4Ps,spotify:track:6uzGyd7kXTzp1E1mzYL4Ps,https://api.spotify.com/v1/tracks/6uzGyd7kXTzp1E1mzYL4Ps,https://api.spotify.com/v1/audio-analysis/6uzGyd7kXTzp1E1mzYL4Ps,{'spotify': 'https://open.spotify.com/track/6uzGyd7kXTzp1E1mzYL4Ps'}
Generales Anormales,Distorsión,0.413,0.967,2,-8.67,1,0.0375,0.00234,0.0158,0.311,0.626,105.539,115486,4,audio_features,3oRs9Qt512PqOIFoE2TWfz,spotify:track:3oRs9Qt512PqOIFoE2TWfz,https://api.spotify.com/v1/tracks/3oRs9Qt512PqOIFoE2TWfz,https://api.spotify.com/v1/audio-analysis/3oRs9Qt512PqOIFoE2TWfz,{'spotify': 'https://open.spotify.com/track/3oRs9Qt512PqOIFoE2TWfz'}
Somos Nada,Distorsión,0.578,0.838,7,-8.704,1,0.0315,0.0162,0.000318,0.279,0.932,101.625,102059,4,audio_features,1pm6ekbXyrvlYjpNfQta12,spotify:track:1pm6ekbXyrvlYjpNfQta12,https://api.spotify.com/v1/tracks/1pm6ekbXyrvlYjpNfQta12,https://api.spotify.com/v1/audio-analysis/1pm6ekbXyrvlYjpNfQta12,{'spotify': 'https://open.spotify.com/track/1pm6ekbXyrvlYjpNfQta12'}
Yo No Keria Bailar,Distorsión,0.377,0.952,7,-9.582,1,0.0714,0.175,0.0,0.194,0.39,98.569,155459,4,audio_features,30numTLxzf1YHbb12jdR7H,spotify:track:30numTLxzf1YHbb12jdR7H,https://api.spotify.com/v1/tracks/30numTLxzf1YHbb12jdR7H,https://api.spotify.com/v1/audio-analysis/30numTLxzf1YHbb12jdR7H,{'spotify': 'https://open.spotify.com/track/30numTLxzf1YHbb12jdR7H'}
Cristales Rotos,Manifa,0.345,0.956,10,-5.312,1,0.0731,0.000359,0.000705,0.125,0.541,164.961,195173,4,audio_features,2NeRL8LyPRFxwWW3mwymsk,spotify:track:2NeRL8LyPRFxwWW3mwymsk,https://api.spotify.com/v1/tracks/2NeRL8LyPRFxwWW3mwymsk,https://api.spotify.com/v1/audio-analysis/2NeRL8LyPRFxwWW3mwymsk,{'spotify': 'https://open.spotify.com/track/2NeRL8LyPRFxwWW3mwymsk'}
Dios Salve al Viña,Manifa,0.402,0.98,1,-3.524,1,0.0862,0.0117,0.0,0.0892,0.601,139.945,222427,4,audio_features,0RGirfCYUWf8djtvajI1sy,spotify:track:0RGirfCYUWf8djtvajI1sy,https://api.spotify.com/v1/tracks/0RGirfCYUWf8djtvajI1sy,https://api.spotify.com/v1/audio-analysis/0RGirfCYUWf8djtvajI1sy,{'spotify': 'https://open.spotify.com/track/0RGirfCYUWf8djtvajI1sy'}
A las Mariscadas,Manifa,0.389,0.927,5,-5.472,1,0.0606,0.0012,0.00127,0.612,0.788,160.094,140453,4,audio_features,1vWLktchLfaLGng3YDi1q7,spotify:track:1vWLktchLfaLGng3YDi1q7,https://api.spotify.com/v1/tracks/1vWLktchLfaLGng3YDi1q7,https://api.spotify.com/v1/audio-analysis/1vWLktchLfaLGng3YDi1q7,{'spotify': 'https://open.spotify.com/track/1vWLktchLfaLGng3YDi1q7'}
Lo Legal Me Aburre,Ni por favor ni ostias,0.489,0.69,0,-8.25,1,0.0453,0.000837,0.0,0.0571,0.844,72.515,234097,4,audio_features,0ccMnv121CFSQgcDCZs7UL,spotify:track:0ccMnv121CFSQgcDCZs7UL,https://api.spotify.com/v1/tracks/0ccMnv121CFSQgcDCZs7UL,https://api.spotify.com/v1/audio-analysis/0ccMnv121CFSQgcDCZs7UL,{'spotify': 'https://open.spotify.com/track/0ccMnv121CFSQgcDCZs7UL'}
Makina Total Full - Maqueta,Ni por favor ni ostias,0.307,0.887,6,-9.063,1,0.0964,0.00714,0.000123,0.252,0.738,122.552,118009,4,audio_features,3ET6g41Kf5ONkeYilkGKMK,spotify:track:3ET6g41Kf5ONkeYilkGKMK,https://api.spotify.com/v1/tracks/3ET6g41Kf5ONkeYilkGKMK,https://api.spotify.com/v1/audio-analysis/3ET6g41Kf5ONkeYilkGKMK,{'spotify': 'https://open.spotify.com/track/3ET6g41Kf5ONkeYilkGKMK'}
Marijuana - Directo,Ni por favor ni ostias,0.311,0.991,2,-5.461,1,0.143,0.000689,0.000175,0.949,0.144,119.748,212572,4,audio_features,1i3206Tv0xQ7Dt3jRbEQpR,spotify:track:1i3206Tv0xQ7Dt3jRbEQpR,https://api.spotify.com/v1/tracks/1i3206Tv0xQ7Dt3jRbEQpR,https://api.spotify.com/v1/audio-analysis/1i3206Tv0xQ7Dt3jRbEQpR,{'spotify': 'https://open.spotify.com/track/1i3206Tv0xQ7Dt3jRbEQpR'}
Amanece,Chicharrica,0.327,0.989,0,-5.532,0,0.0926,0.32,0.000142,0.15,0.44,170.421,212293,4,audio_features,1IEAdc4FWEDCAydBnvVsli,spotify:track:1IEAdc4FWEDCAydBnvVsli,https://api.spotify.com/v1/tracks/1IEAdc4FWEDCAydBnvVsli,https://api.spotify.com/v1/audio-analysis/1IEAdc4FWEDCAydBnvVsli,{'spotify': 'https://open.spotify.com/track/1IEAdc4FWEDCAydBnvVsli'}
Quiero Romper,Chicharrica,0.543,0.992,4,-4.691,1,0.135,0.00338,0.0,0.315,0.427,179.064,168240,4,audio_features,3nzNXDGPj17ojF6yTXLWbw,spotify:track:3nzNXDGPj17ojF6yTXLWbw,https://api.spotify.com/v1/tracks/3nzNXDGPj17ojF6yTXLWbw,https://api.spotify.com/v1/audio-analysis/3nzNXDGPj17ojF6yTXLWbw,{'spotify': 'https://open.spotify.com/track/3nzNXDGPj17ojF6yTXLWbw'}
Defiance,Chicharrica,0.591,0.988,8,-5.261,1,0.0816,0.00786,0.0,0.218,0.621,92.03,249693,4,audio_features,2rGLslbMLXnYUWaaT8afLY,spotify:track:2rGLslbMLXnYUWaaT8afLY,https://api.spotify.com/v1/tracks/2rGLslbMLXnYUWaaT8afLY,https://api.spotify.com/v1/audio-analysis/2rGLslbMLXnYUWaaT8afLY,{'spotify': 'https://open.spotify.com/track/2rGLslbMLXnYUWaaT8afLY'}
La bandera de la libertad,Banda Jachís,0.454,0.984,6,-4.593,0,0.0453,0.000517,0.0105,0.472,0.676,104.999,142293,4,audio_features,3IgV2zcmA7VPOxWP9crH3T,spotify:track:3IgV2zcmA7VPOxWP9crH3T,https://api.spotify.com/v1/tracks/3IgV2zcmA7VPOxWP9crH3T,https://api.spotify.com/v1/audio-analysis/3IgV2zcmA7VPOxWP9crH3T,{'spotify': 'https://open.spotify.com/track/3IgV2zcmA7VPOxWP9crH3T'}
Seguro que saben algo,Banda Jachís,0.36,0.844,2,-5.336,1,0.0948,0.00452,0.000452,0.171,0.736,77.847,135560,3,audio_features,2fee4JYrrMZJtkZi6eTLy4,spotify:track:2fee4JYrrMZJtkZi6eTLy4,https://api.spotify.com/v1/tracks/2fee4JYrrMZJtkZi6eTLy4,https://api.spotify.com/v1/audio-analysis/2fee4JYrrMZJtkZi6eTLy4,{'spotify': 'https://open.spotify.com/track/2fee4JYrrMZJtkZi6eTLy4'}
La razón de amarte,Banda Jachís,0.697,0.646,6,-8.844,0,0.0417,0.753,0.0,0.359,0.909,104.863,154987,4,audio_features,33Jjhqj1Mywu18iVidgmUi,spotify:track:33Jjhqj1Mywu18iVidgmUi,https://api.spotify.com/v1/tracks/33Jjhqj1Mywu18iVidgmUi,https://api.spotify.com/v1/audio-analysis/33Jjhqj1Mywu18iVidgmUi,{'spotify': 'https://open.spotify.com/track/33Jjhqj1Mywu18iVidgmUi'}
Va por Ti,Puagh,0.327,0.979,2,-4.275,1,0.0513,0.00583,0.0,0.501,0.59,100.642,190493,4,audio_features,4mFFQIaQg4H1rwfD0d3VnS,spotify:track:4mFFQIaQg4H1rwfD0d3VnS,https://api.spotify.com/v1/tracks/4mFFQIaQg4H1rwfD0d3VnS,https://api.spotify.com/v1/audio-analysis/4mFFQIaQg4H1rwfD0d3VnS,{'spotify': 'https://open.spotify.com/track/4mFFQIaQg4H1rwfD0d3VnS'}
No Abandones,Puagh,0.461,0.973,2,-3.363,1,0.0463,0.000643,8.87e-06,0.4,0.475,104.293,152507,4,audio_features,2j42wUPunOF0yiKBynguPD,spotify:track:2j42wUPunOF0yiKBynguPD,https://api.spotify.com/v1/tracks/2j42wUPunOF0yiKBynguPD,https://api.spotify.com/v1/audio-analysis/2j42wUPunOF0yiKBynguPD,{'spotify': 'https://open.spotify.com/track/2j42wUPunOF0yiKBynguPD'}
Te Fuiste a la Rave,Puagh,0.391,0.895,0,-3.824,1,0.0522,0.00663,0.0,0.169,0.201,124.097,152507,3,audio_features,3Vv72YOu8edgZEnD2W58cR,spotify:track:3Vv72YOu8edgZEnD2W58cR,https://api.spotify.com/v1/tracks/3Vv72YOu8edgZEnD2W58cR,https://api.spotify.com/v1/audio-analysis/3Vv72YOu8edgZEnD2W58cR,{'spotify': 'https://open.spotify.com/track/3Vv72YOu8edgZEnD2W58cR'}
Condenado,RIP,0.145,0.986,8,-7.067,1,0.15,0.00364,0.0635,0.105,0.0492,165.86,208968,4,audio_features,4i4weWtjib1uFIrhhKfsvC,spotify:track:4i4weWtjib1uFIrhhKfsvC,https://api.spotify.com/v1/tracks/4i4weWtjib1uFIrhhKfsvC,https://api.spotify.com/v1/audio-analysis/4i4weWtjib1uFIrhhKfsvC,{'spotify': 'https://open.spotify.com/track/4i4weWtjib1uFIrhhKfsvC'}
Escoria,RIP,0.191,0.967,7,-7.132,1,0.155,0.0891,0.0341,0.208,0.0999,186.508,109147,4,audio_features,0GHdh6MiCQtb0ix5T1EGY3,spotify:track:0GHdh6MiCQtb0ix5T1EGY3,https://api.spotify.com/v1/tracks/0GHdh6MiCQtb0ix5T1EGY3,https://api.spotify.com/v1/audio-analysis/0GHdh6MiCQtb0ix5T1EGY3,{'spotify': 'https://open.spotify.com/track/0GHdh6MiCQtb0ix5T1EGY3'}
Enamorado de la Muerte,RIP,0.296,0.902,9,-6.37,1,0.0849,0.0293,0.00216,0.0746,0.203,100.713,226094,4,audio_features,4en5NpD2ZD6CpHeHIFTbzp,spotify:track:4en5NpD2ZD6CpHeHIFTbzp,https://api.spotify.com/v1/tracks/4en5NpD2ZD6CpHeHIFTbzp,https://api.spotify.com/v1/audio-analysis/4en5NpD2ZD6CpHeHIFTbzp,{'spotify': 'https://open.spotify.com/track/4en5NpD2ZD6CpHeHIFTbzp'}
Link En Bio,XpresidentX,0.569,0.97,9,-2.858,0,0.203,0.000501,0.0,0.656,0.679,109.953,158919,4,audio_features,7lY3AWwrC3xOaHd5z0bzHH,spotify:track:7lY3AWwrC3xOaHd5z0bzHH,https://api.spotify.com/v1/tracks/7lY3AWwrC3xOaHd5z0bzHH,https://api.spotify.com/v1/audio-analysis/7lY3AWwrC3xOaHd5z0bzHH,{'spotify': 'https://open.spotify.com/track/7lY3AWwrC3xOaHd5z0bzHH'}
Especismo,XpresidentX,0.63,0.997,7,-4.06,1,0.15,0.0788,0.0,0.347,0.731,159.813,195520,4,audio_features,6swDk0nn9uK0LNmCqsIzA6,spotify:track:6swDk0nn9uK0LNmCqsIzA6,https://api.spotify.com/v1/tracks/6swDk0nn9uK0LNmCqsIzA6,https://api.spotify.com/v1/audio-analysis/6swDk0nn9uK0LNmCqsIzA6,{'spotify': 'https://open.spotify.com/track/6swDk0nn9uK0LNmCqsIzA6'}
Siempre Libres,Subestimados,0.451,0.961,0,-1.86,1,0.0933,0.0202,1.04e-06,0.177,0.566,164.904,259918,4,audio_features,2kMmCY9lBUbnoKKaqhpzh2,spotify:track:2kMmCY9lBUbnoKKaqhpzh2,https://api.spotify.com/v1/tracks/2kMmCY9lBUbnoKKaqhpzh2,https://api.spotify.com/v1/audio-analysis/2kMmCY9lBUbnoKKaqhpzh2,{'spotify': 'https://open.spotify.com/track/2kMmCY9lBUbnoKKaqhpzh2'}
Conciencia de Clase,Subestimados,0.462,0.967,0,-1.995,1,0.096,0.00671,0.0,0.38,0.612,152.048,239856,4,audio_features,1q4iNYT5Q1dibiXLsRHwmP,spotify:track:1q4iNYT5Q1dibiXLsRHwmP,https://api.spotify.com/v1/tracks/1q4iNYT5Q1dibiXLsRHwmP,https://api.spotify.com/v1/audio-analysis/1q4iNYT5Q1dibiXLsRHwmP,{'spotify': 'https://open.spotify.com/track/1q4iNYT5Q1dibiXLsRHwmP'}
Hasta Que el Estado Nos Separe,Último Rekurso,0.477,0.956,1,-6.05,1,0.0846,8.72e-05,0.00154,0.119,0.803,186.098,192348,4,audio_features,4sC8kmJ8sWCtcm6ehQ0qqK,spotify:track:4sC8kmJ8sWCtcm6ehQ0qqK,https://api.spotify.com/v1/tracks/4sC8kmJ8sWCtcm6ehQ0qqK,https://api.spotify.com/v1/audio-analysis/4sC8kmJ8sWCtcm6ehQ0qqK,{'spotify': 'https://open.spotify.com/track/4sC8kmJ8sWCtcm6ehQ0qqK'}
Adictos al Kaos,Último Rekurso,0.442,0.986,1,-5.954,1,0.147,0.000801,7.52e-06,0.484,0.493,180.134,132353,4,audio_features,3kqmPiLbplvrrnXcikTEZq,spotify:track:3kqmPiLbplvrrnXcikTEZq,https://api.spotify.com/v1/tracks/3kqmPiLbplvrrnXcikTEZq,https://api.spotify.com/v1/audio-analysis/3kqmPiLbplvrrnXcikTEZq,{'spotify': 'https://open.spotify.com/track/3kqmPiLbplvrrnXcikTEZq'}
Esto Es Rock&Roll,Macarrada,0.437,0.902,11,-4.899,0,0.0686,1.79e-05,0.254,0.126,0.612,139.001,144053,4,audio_features,1ddUzdV007uO8VBRXRxany,spotify:track:1ddUzdV007uO8VBRXRxany,https://api.spotify.com/v1/tracks/1ddUzdV007uO8VBRXRxany,https://api.spotify.com/v1/audio-analysis/1ddUzdV007uO8VBRXRxany,{'spotify': 'https://open.spotify.com/track/1ddUzdV007uO8VBRXRxany'}
En el Fondo Del Bar,Macarrada,0.585,0.905,0,-4.25,1,0.0559,0.00179,7.84e-05,0.216,0.589,95.642,127898,4,audio_features,4f7cKLlX4Ld1Hag5rZOx86,spotify:track:4f7cKLlX4Ld1Hag5rZOx86,https://api.spotify.com/v1/tracks/4f7cKLlX4Ld1Hag5rZOx86,https://api.spotify.com/v1/audio-analysis/4f7cKLlX4Ld1Hag5rZOx86,{'spotify': 'https://open.spotify.com/track/4f7cKLlX4Ld1Hag5rZOx86'}
"No Hay Futuro, No Hay Esperanza",Oi! The Arrase,0.235,0.957,2,-3.324,1,0.119,0.000811,0.0,0.337,0.371,104.796,265973,3,audio_features,3rKYVe4RSecUCMcKB3vhzc,spotify:track:3rKYVe4RSecUCMcKB3vhzc,https://api.spotify.com/v1/tracks/3rKYVe4RSecUCMcKB3vhzc,https://api.spotify.com/v1/audio-analysis/3rKYVe4RSecUCMcKB3vhzc,{'spotify': 'https://open.spotify.com/track/3rKYVe4RSecUCMcKB3vhzc'}
Solidaridad,Oi! The Arrase,0.415,0.916,9,-4.29,0,0.201,0.148,0.0,0.133,0.509,135.858,244707,4,audio_features,3uT4WXAcNfdnH4PHsmIa3T,spotify:track:3uT4WXAcNfdnH4PHsmIa3T,https://api.spotify.com/v1/tracks/3uT4WXAcNfdnH4PHsmIa3T,https://api.spotify.com/v1/audio-analysis/3uT4WXAcNfdnH4PHsmIa3T,{'spotify': 'https://open.spotify.com/track/3uT4WXAcNfdnH4PHsmIa3T'}
Hace unos años,Hirurko,0.258,0.887,0,-4.462,1,0.041,0.0034,0.0,0.645,0.798,79.56,209613,4,audio_features,2F1Cwsgf5gM3F7dBGzRToU,spotify:track:2F1Cwsgf5gM3F7dBGzRToU,https://api.spotify.com/v1/tracks/2F1Cwsgf5gM3F7dBGzRToU,https://api.spotify.com/v1/audio-analysis/2F1Cwsgf5gM3F7dBGzRToU,{'spotify': 'https://open.spotify.com/track/2F1Cwsgf5gM3F7dBGzRToU'}
Estudiante,Hirurko,0.304,0.913,0,-3.389,1,0.0573,0.00363,8.48e-06,0.36,0.495,97.057,214947,4,audio_features,1NE1TRElHZ1QBdKsBP6Js0,spotify:track:1NE1TRElHZ1QBdKsBP6Js0,https://api.spotify.com/v1/tracks/1NE1TRElHZ1QBdKsBP6Js0,https://api.spotify.com/v1/audio-analysis/1NE1TRElHZ1QBdKsBP6Js0,{'spotify': 'https://open.spotify.com/track/1NE1TRElHZ1QBdKsBP6Js0'}
Libre Al Fin,La Furia,0.484,0.661,11,-6.316,0,0.109,0.143,0.128,0.108,0.847,151.113,222427,4,audio_features,6f4sSrO1McnmIEI1wApNBx,spotify:track:6f4sSrO1McnmIEI1wApNBx,https://api.spotify.com/v1/tracks/6f4sSrO1McnmIEI1wApNBx,https://api.spotify.com/v1/audio-analysis/6f4sSrO1McnmIEI1wApNBx,{'spotify': 'https://open.spotify.com/track/6f4sSrO1McnmIEI1wApNBx'}
Koka - Kola,La Furia,0.483,0.723,11,-6.979,0,0.224,0.158,3.22e-06,0.0872,0.806,167.388,107053,4,audio_features,7r83owSi5gOTybAI0o24iE,spotify:track:7r83owSi5gOTybAI0o24iE,https://api.spotify.com/v1/tracks/7r83owSi5gOTybAI0o24iE,https://api.spotify.com/v1/audio-analysis/7r83owSi5gOTybAI0o24iE,{'spotify': 'https://open.spotify.com/track/7r83owSi5gOTybAI0o24iE'}
Vamonos de aqui,The Radio Clash,0.626,0.962,7,-2.464,0,0.0788,0.0217,3.41e-05,0.574,0.618,105.005,100066,4,audio_features,240aRgDUm3zVGAIhB34CVG,spotify:track:240aRgDUm3zVGAIhB34CVG,https://api.spotify.com/v1/tracks/240aRgDUm3zVGAIhB34CVG,https://api.spotify.com/v1/audio-analysis/240aRgDUm3zVGAIhB34CVG,{'spotify': 'https://open.spotify.com/track/240aRgDUm3zVGAIhB34CVG'}
Sangre Por la Pared,Potrotaino,0.431,0.977,7,-3.331,1,0.0957,0.37,0.0,0.402,0.394,118.253,107076,4,audio_features,381jLvxLxDzDwZKGcp7mtJ,spotify:track:381jLvxLxDzDwZKGcp7mtJ,https://api.spotify.com/v1/tracks/381jLvxLxDzDwZKGcp7mtJ,https://api.spotify.com/v1/audio-analysis/381jLvxLxDzDwZKGcp7mtJ,{'spotify': 'https://open.spotify.com/track/381jLvxLxDzDwZKGcp7mtJ'}
Madrugando,Potrotaino,0.221,0.937,2,-7.353,1,0.211,0.000944,0.00123,0.34,0.112,166.429,157466,4,audio_features,1a0n9HPoMrGUtGtzePG5n2,spotify:track:1a0n9HPoMrGUtGtzePG5n2,https://api.spotify.com/v1/tracks/1a0n9HPoMrGUtGtzePG5n2,https://api.spotify.com/v1/audio-analysis/1a0n9HPoMrGUtGtzePG5n2,{'spotify': 'https://open.spotify.com/track/1a0n9HPoMrGUtGtzePG5n2'}
Fuerzas de Seguridad,Vómito,0.393,0.915,10,-11.309,0,0.0554,0.0725,0.0,0.0881,0.481,168.24,162373,4,audio_features,5gI6LtLg8b0vFXNjQefRTr,spotify:track:5gI6LtLg8b0vFXNjQefRTr,https://api.spotify.com/v1/tracks/5gI6LtLg8b0vFXNjQefRTr,https://api.spotify.com/v1/audio-analysis/5gI6LtLg8b0vFXNjQefRTr,{'spotify': 'https://open.spotify.com/track/5gI6LtLg8b0vFXNjQefRTr'}
Ratas de Ciudad,Vómito,0.3,0.71,2,-13.856,1,0.0593,5.12e-05,0.000268,0.0503,0.271,168.29,156429,4,audio_features,28YGYqJEWc6AdHhzUxvbBZ,spotify:track:28YGYqJEWc6AdHhzUxvbBZ,https://api.spotify.com/v1/tracks/28YGYqJEWc6AdHhzUxvbBZ,https://api.spotify.com/v1/audio-analysis/28YGYqJEWc6AdHhzUxvbBZ,{'spotify': 'https://open.spotify.com/track/28YGYqJEWc6AdHhzUxvbBZ'}
Como Está el Patio,Cizaña,0.382,0.618,2,-8.682,1,0.0655,0.0672,1.81e-05,0.0719,0.892,125.003,162978,4,audio_features,3FLG4xIIRedDzjHmFytQOy,spotify:track:3FLG4xIIRedDzjHmFytQOy,https://api.spotify.com/v1/tracks/3FLG4xIIRedDzjHmFytQOy,https://api.spotify.com/v1/audio-analysis/3FLG4xIIRedDzjHmFytQOy,{'spotify': 'https://open.spotify.com/track/3FLG4xIIRedDzjHmFytQOy'}
Vidas Vacías,Cizaña,0.265,0.99,7,-4.212,1,0.216,0.039,0.0,0.0812,0.356,164.147,149760,4,audio_features,6iEBB2p6jCxtSGMMVfGUUs,spotify:track:6iEBB2p6jCxtSGMMVfGUUs,https://api.spotify.com/v1/tracks/6iEBB2p6jCxtSGMMVfGUUs,https://api.spotify.com/v1/audio-analysis/6iEBB2p6jCxtSGMMVfGUUs,{'spotify': 'https://open.spotify.com/track/6iEBB2p6jCxtSGMMVfGUUs'}
Hablo yo,Konsumo Respeto,0.372,0.905,1,-4.594,1,0.0438,0.00148,6.25e-05,0.22,0.561,132.616,248973,4,audio_features,4HWE15C5Ah2AEZHG8olHpm,spotify:track:4HWE15C5Ah2AEZHG8olHpm,https://api.spotify.com/v1/tracks/4HWE15C5Ah2AEZHG8olHpm,https://api.spotify.com/v1/audio-analysis/4HWE15C5Ah2AEZHG8olHpm,{'spotify': 'https://open.spotify.com/track/4HWE15C5Ah2AEZHG8olHpm'}
Una noche mas,Konsumo Respeto,0.396,0.919,0,-4.37,0,0.044,0.000306,0.00169,0.109,0.636,124.853,218507,4,audio_features,1w0NZVUXId2WwiQ0JmMSGe,spotify:track:1w0NZVUXId2WwiQ0JmMSGe,https://api.spotify.com/v1/tracks/1w0NZVUXId2WwiQ0JmMSGe,https://api.spotify.com/v1/audio-analysis/1w0NZVUXId2WwiQ0JmMSGe,{'spotify': 'https://open.spotify.com/track/1w0NZVUXId2WwiQ0JmMSGe'}
Loko Kuerdo,Txapelpunk,0.674,0.975,9,-2.973,1,0.0461,0.0198,0.0,0.0991,0.918,130.01,134920,4,audio_features,5NWWzmogzsKzCqtCSKO0cL,spotify:track:5NWWzmogzsKzCqtCSKO0cL,https://api.spotify.com/v1/tracks/5NWWzmogzsKzCqtCSKO0cL,https://api.spotify.com/v1/audio-analysis/5NWWzmogzsKzCqtCSKO0cL,{'spotify': 'https://open.spotify.com/track/5NWWzmogzsKzCqtCSKO0cL'}
Besos De Kubata,Txapelpunk,0.551,0.98,7,-3.238,1,0.038,0.00231,1.65e-05,0.229,0.744,120.019,163387,4,audio_features,1Ok610j6nBPDxEuuecA5HP,spotify:track:1Ok610j6nBPDxEuuecA5HP,https://api.spotify.com/v1/tracks/1Ok610j6nBPDxEuuecA5HP,https://api.spotify.com/v1/audio-analysis/1Ok610j6nBPDxEuuecA5HP,{'spotify': 'https://open.spotify.com/track/5NWWzmogzsKzCqtCSKO0cL'}
Maldito Homenaje - Remasterizado,Petra de fenetra,0.547,0.993,2,-6.01,1,0.0968,0.00762,0.0,0.262,0.115,108.35,125158,4,audio_features,5pYdtA2gNk8CvrEE8aG5zd,spotify:track:5pYdtA2gNk8CvrEE8aG5zd,https://api.spotify.com/v1/tracks/5pYdtA2gNk8CvrEE8aG5zd,https://api.spotify.com/v1/audio-analysis/5pYdtA2gNk8CvrEE8aG5zd,{'spotify': 'https://open.spotify.com/track/5NWWzmogzsKzCqtCSKO0cL'}
Mucho Pichu,Petra de fenetra,0.493,0.981,2,-3.436,1,0.0786,0.00109,0.0,0.328,0.476,102.754,190891,4,audio_features,4SbojkkTH6vZPnP7eKnkKL,spotify:track:4SbojkkTH6vZPnP7eKnkKL,https://api.spotify.com/v1/tracks/4SbojkkTH6vZPnP7eKnkKL,https://api.spotify.com/v1/audio-analysis/4SbojkkTH6vZPnP7eKnkKL,{'spotify': 'https://open.spotify.com/track/5NWWzmogzsKzCqtCSKO0cL'}
Dispara Rock & Roll,Obsesión Fatal,0.526,0.955,2,-3.754,1,0.0731,5.33e-05,8.08e-05,0.332,0.417,109.992,133507,4,audio_features,7GxwulXeLdpI9YonmolJmR,spotify:track:7GxwulXeLdpI9YonmolJmR,https://api.spotify.com/v1/tracks/7GxwulXeLdpI9YonmolJmR,https://api.spotify.com/v1/audio-analysis/7GxwulXeLdpI9YonmolJmR,{'spotify': 'https://open.spotify.com/track/5NWWzmogzsKzCqtCSKO0cL'}
Salvajes,Obsesión Fatal,0.534,0.908,6,-3.836,1,0.0468,0.000174,2e-05,0.324,0.586,100.045,169533,4,audio_features,35kjt2l2ixjXQKM1vwdpLi,spotify:track:35kjt2l2ixjXQKM1vwdpLi,https://api.spotify.com/v1/tracks/35kjt2l2ixjXQKM1vwdpLi,https://api.spotify.com/v1/audio-analysis/35kjt2l2ixjXQKM1vwdpLi,{'spotify': 'https://open.spotify.com/track/5NWWzmogzsKzCqtCSKO0cL'}
Seremos el kaos,Simulacro,0.396,0.949,7,-4.911,1,0.0668,0.000518,0.000839,0.107,0.514,93.578,145821,4,audio_features,3pYw9JimWYmOqfAq1UzSUp,spotify:track:3pYw9JimWYmOqfAq1UzSUp,https://api.spotify.com/v1/tracks/3pYw9JimWYmOqfAq1UzSUp,https://api.spotify.com/v1/audio-analysis/3pYw9JimWYmOqfAq1UzSUp,{'spotify': 'https://open.spotify.com/track/5NWWzmogzsKzCqtCSKO0cL'}
Sin retroceder,Simulacro,0.239,0.952,7,-4.307,1,0.0862,2.62e-05,0.000306,0.309,0.555,103.175,137694,4,audio_features,2NSoiMZeLWvA837gM5px9j,spotify:track:2NSoiMZeLWvA837gM5px9j,https://api.spotify.com/v1/tracks/2NSoiMZeLWvA837gM5px9j,https://api.spotify.com/v1/audio-analysis/2NSoiMZeLWvA837gM5px9j,{'spotify': 'https://open.spotify.com/track/5NWWzmogzsKzCqtCSKO0cL'}
Pisadas (Confinament),Rotura,0.315,0.945,1,-3.405,0,0.0615,2.81e-05,0.00172,0.0901,0.3,106.693,154297,4,audio_features,3OW7T1TFDnzPEmwNJVKEoU,spotify:track:3OW7T1TFDnzPEmwNJVKEoU,https://api.spotify.com/v1/tracks/3OW7T1TFDnzPEmwNJVKEoU,https://api.spotify.com/v1/audio-analysis/3OW7T1TFDnzPEmwNJVKEoU,{'spotify': 'https://open.spotify.com/track/5NWWzmogzsKzCqtCSKO0cL'}
Insurrección,Rotura,0.286,0.938,4,-3.176,0,0.0884,0.00798,0.00124,0.312,0.429,103.6,116100,4,audio_features,3WfH4t8IotYWjdXnDwqpmM,spotify:track:3WfH4t8IotYWjdXnDwqpmM,https://api.spotify.com/v1/tracks/3WfH4t8IotYWjdXnDwqpmM,https://api.spotify.com/v1/audio-analysis/3WfH4t8IotYWjdXnDwqpmM,{'spotify': 'https://open.spotify.com/track/5NWWzmogzsKzCqtCSKO0cL'}
Sonido Rebelde,La Familia Iskariote,0.666,0.94,8,-5.297,1,0.208,0.654,0.000364,0.363,0.626,105.024,166307,4,audio_features,0OZ2hE2NOvD9sByJW2wfeT,spotify:track:0OZ2hE2NOvD9sByJW2wfeT,https://api.spotify.com/v1/tracks/0OZ2hE2NOvD9sByJW2wfeT,https://api.spotify.com/v1/audio-analysis/0OZ2hE2NOvD9sByJW2wfeT,{'spotify': 'https://open.spotify.com/track/5NWWzmogzsKzCqtCSKO0cL'}
Manifestación,La Familia Iskariote,0.683,0.793,0,-6.379,1,0.0347,0.11,0.00552,0.143,0.722,100.022,215583,4,audio_features,1CvlYMVNmWYqwCt6PLa2ZS,spotify:track:1CvlYMVNmWYqwCt6PLa2ZS,https://api.spotify.com/v1/tracks/1CvlYMVNmWYqwCt6PLa2ZS,https://api.spotify.com/v1/audio-analysis/1CvlYMVNmWYqwCt6PLa2ZS,{'spotify': 'https://open.spotify.com/track/5NWWzmogzsKzCqtCSKO0cL'}
Pasando,Karajo,0.344,0.935,7,-9.474,1,0.113,2.11e-05,0.0477,0.195,0.446,110.978,188735,4,audio_features,6fbjd6hcc1yWa4Pyrmu3WJ,spotify:track:6fbjd6hcc1yWa4Pyrmu3WJ,https://api.spotify.com/v1/tracks/6fbjd6hcc1yWa4Pyrmu3WJ,https://api.spotify.com/v1/audio-analysis/6fbjd6hcc1yWa4Pyrmu3WJ,{'spotify': 'https://open.spotify.com/track/5NWWzmogzsKzCqtCSKO0cL'}
Aun Seguimos Akí,Karajo,0.402,0.961,7,-7.125,1,0.121,9.54e-06,1.9e-05,0.0749,0.562,113.844,149368,4,audio_features,5t5zQ6UgwB4J1QCFOBgw7p,spotify:track:5t5zQ6UgwB4J1QCFOBgw7p,https://api.spotify.com/v1/tracks/5t5zQ6UgwB4J1QCFOBgw7p,https://api.spotify.com/v1/audio-analysis/5t5zQ6UgwB4J1QCFOBgw7p,{'spotify': 'https://open.spotify.com/track/5NWWzmogzsKzCqtCSKO0cL'}
Verano '86,Putakaska,0.395,0.991,0,-3.925,1,0.133,0.0408,0.0,0.0669,0.358,123.43,232107,4,audio_features,6wBZjTB8ai659Cjm6chpS7,spotify:track:6wBZjTB8ai659Cjm6chpS7,https://api.spotify.com/v1/tracks/6wBZjTB8ai659Cjm6chpS7,https://api.spotify.com/v1/audio-analysis/6wBZjTB8ai659Cjm6chpS7,{'spotify': 'https://open.spotify.com/track/5NWWzmogzsKzCqtCSKO0cL'}
Dónde Voy,37 Hostias,0.579,0.914,7,-5.192,1,0.0421,0.0129,1.06e-05,0.322,0.937,128.569,180293,4,audio_features,53tLv1MuPuMm1cwO786z7A,spotify:track:53tLv1MuPuMm1cwO786z7A,https://api.spotify.com/v1/tracks/53tLv1MuPuMm1cwO786z7A,https://api.spotify.com/v1/audio-analysis/53tLv1MuPuMm1cwO786z7A,{'spotify': 'https://open.spotify.com/track/5NWWzmogzsKzCqtCSKO0cL'}
Navajas in the Night,Area de Combate,0.509,0.977,0,-6.452,1,0.056,0.0996,0.0,0.108,0.54,102.143,117200,4,audio_features,41YrnEPFs5btG7kMdIuA5U,spotify:track:41YrnEPFs5btG7kMdIuA5U,https://api.spotify.com/v1/tracks/41YrnEPFs5btG7kMdIuA5U,https://api.spotify.com/v1/audio-analysis/41YrnEPFs5btG7kMdIuA5U,{'spotify': 'https://open.spotify.com/track/5NWWzmogzsKzCqtCSKO0cL'}
Tu Eres Mi Perdicion,Against You,0.421,0.851,2,-4.788,1,0.0566,0.00211,0.0,0.0594,0.639,120.012,207177,4,audio_features,6iHOejpU4l07VfYblgKJPZ,spotify:track:6iHOejpU4l07VfYblgKJPZ,https://api.spotify.com/v1/tracks/6iHOejpU4l07VfYblgKJPZ,https://api.spotify.com/v1/audio-analysis/6iHOejpU4l07VfYblgKJPZ,{'spotify': 'https://open.spotify.com/track/5NWWzmogzsKzCqtCSKO0cL'}
Cuatro Gatos,Andanada 7,0.516,0.932,7,-9.34,1,0.0657,0.00172,0.000215,0.116,0.363,115.17,187678,4,audio_features,01SImr7Y9wE63tnf0kGcTb,spotify:track:01SImr7Y9wE63tnf0kGcTb,https://api.spotify.com/v1/tracks/01SImr7Y9wE63tnf0kGcTb,https://api.spotify.com/v1/audio-analysis/01SImr7Y9wE63tnf0kGcTb,{'spotify': 'https://open.spotify.com/track/5NWWzmogzsKzCqtCSKO0cL'}
Perro Kallejero,Efectos Sekundarios ‎,0.425,0.783,4,-10.505,0,0.0405,0.0769,0.0,0.128,0.469,97.656,97227,4,audio_features,6LCDE4N4gFjqEPRVgyV6oD,spotify:track:6LCDE4N4gFjqEPRVgyV6oD,https://api.spotify.com/v1/tracks/6LCDE4N4gFjqEPRVgyV6oD,https://api.spotify.com/v1/audio-analysis/6LCDE4N4gFjqEPRVgyV6oD,{'spotify': 'https://open.spotify.com/track/5NWWzmogzsKzCqtCSKO0cL'}
A Lo Hecho Techo,AlaDeMoska,0.686,0.898,0,-5.694,1,0.0537,0.0591,7.5e-05,0.252,0.962,90.007,249676,4,audio_features,2Fbw6BA342UQDGsC25yc1U,spotify:track:2Fbw6BA342UQDGsC25yc1U,https://api.spotify.com/v1/tracks/2Fbw6BA342UQDGsC25yc1U,https://api.spotify.com/v1/audio-analysis/2Fbw6BA342UQDGsC25yc1U,{'spotify': 'https://open.spotify.com/track/5NWWzmogzsKzCqtCSKO0cL'}
Derrota Tras Derrota,Faber Pugna,0.444,0.903,9,-4.414,1,0.103,0.00497,5.29e-06,0.164,0.531,165.074,134987,4,audio_features,3mMDaIsgMX2dq5n948AckQ,spotify:track:3mMDaIsgMX2dq5n948AckQ,https://api.spotify.com/v1/tracks/3mMDaIsgMX2dq5n948AckQ,https://api.spotify.com/v1/audio-analysis/3mMDaIsgMX2dq5n948AckQ,{'spotify': 'https://open.spotify.com/track/5NWWzmogzsKzCqtCSKO0cL'}
Vomitas sangre,Larsen,0.545,0.709,1,-12.55,1,0.42,0.002,0.0,0.0865,0.758,92.812,170467,4,audio_features,0kzz1yvjxBnMAIa8WlN2ru,spotify:track:0kzz1yvjxBnMAIa8WlN2ru,https://api.spotify.com/v1/tracks/0kzz1yvjxBnMAIa8WlN2ru,https://api.spotify.com/v1/audio-analysis/0kzz1yvjxBnMAIa8WlN2ru,{'spotify': 'https://open.spotify.com/track/5NWWzmogzsKzCqtCSKO0cL'}
El Tablón,Nan Roig,0.379,0.993,0,-2.959,1,0.187,0.0225,0.0,0.272,0.775,89.359,64667,4,audio_features,6Wv3md2SwxRaMCsAS9Xpqj,spotify:track:6Wv3md2SwxRaMCsAS9Xpqj,https://api.spotify.com/v1/tracks/6Wv3md2SwxRaMCsAS9Xpqj,https://api.spotify.com/v1/audio-analysis/6Wv3md2SwxRaMCsAS9Xpqj,{'spotify': 'https://open.spotify.com/track/5NWWzmogzsKzCqtCSKO0cL'}
Desalojos Son Disturbios,KOP,0.407,0.975,5,-4.933,0,0.115,0.000587,1.28e-06,0.339,0.251,123.343,236518,4,audio_features,0Lnj2Wpt0tYIVTlXOtFyFX,spotify:track:0Lnj2Wpt0tYIVTlXOtFyFX,https://api.spotify.com/v1/tracks/0Lnj2Wpt0tYIVTlXOtFyFX,https://api.spotify.com/v1/audio-analysis/0Lnj2Wpt0tYIVTlXOtFyFX,{'spotify': 'https://open.spotify.com/track/5NWWzmogzsKzCqtCSKO0cL'}
Beberás Cerveza,Extracto de Lúpulo,0.49,0.972,11,-3.218,1,0.229,0.00285,4.54e-05,0.313,0.769,175.857,202227,4,audio_features,5EEIJyKe627LwF6C5oW8iN,spotify:track:5EEIJyKe627LwF6C5oW8iN,https://api.spotify.com/v1/tracks/5EEIJyKe627LwF6C5oW8iN,https://api.spotify.com/v1/audio-analysis/5EEIJyKe627LwF6C5oW8iN,{'spotify': 'https://open.spotify.com/track/5NWWzmogzsKzCqtCSKO0cL'}
Nunca,Sublevados,0.626,0.749,0,-7.237,1,0.0413,0.345,0.0,0.131,0.811,170.099,199267,4,audio_features,1jL4MAofTAavUhdVI9Exnk,spotify:track:1jL4MAofTAavUhdVI9Exnk,https://api.spotify.com/v1/tracks/1jL4MAofTAavUhdVI9Exnk,https://api.spotify.com/v1/audio-analysis/1jL4MAofTAavUhdVI9Exnk,{'spotify': 'https://open.spotify.com/track/5NWWzmogzsKzCqtCSKO0cL'}
Okupa y Resiste,Transfer,0.488,0.978,0,-4.055,1,0.0512,0.00815,0.0,0.103,0.586,104.499,229969,4,audio_features,4rL1yZgDOx8SZ0KKShzdKB,spotify:track:4rL1yZgDOx8SZ0KKShzdKB,https://api.spotify.com/v1/tracks/4rL1yZgDOx8SZ0KKShzdKB,https://api.spotify.com/v1/audio-analysis/4rL1yZgDOx8SZ0KKShzdKB,{'spotify': 'https://open.spotify.com/track/5NWWzmogzsKzCqtCSKO0cL'}
Pribar Con Colegas,The Birra’s Terror,0.537,0.961,5,-4.32,0,0.0854,0.00343,1.48e-05,0.492,0.811,115.188,149733,4,audio_features,2l5CPnXnhpHT8EsbDmhr5u,spotify:track:2l5CPnXnhpHT8EsbDmhr5u,https://api.spotify.com/v1/tracks/2l5CPnXnhpHT8EsbDmhr5u,https://api.spotify.com/v1/audio-analysis/2l5CPnXnhpHT8EsbDmhr5u,{'spotify': 'https://open.spotify.com/track/5NWWzmogzsKzCqtCSKO0cL'}
Democracia,Akrata,0.515,0.961,7,-3.296,1,0.04,0.001,3.94e-06,0.084,0.727,144.842,173428,4,audio_features,1ACwfShBup5dyq0sjyTnkK,spotify:track:1ACwfShBup5dyq0sjyTnkK,https://api.spotify.com/v1/tracks/1ACwfShBup5dyq0sjyTnkK,https://api.spotify.com/v1/audio-analysis/1ACwfShBup5dyq0sjyTnkK,{'spotify': 'https://open.spotify.com/track/5NWWzmogzsKzCqtCSKO0cL'}
En Kualkier Lao,The Nadies,0.538,0.928,0,-3.741,1,0.0588,0.0129,0.0,0.182,0.821,122.326,208000,4,audio_features,2yc1tTkJYJccj7KYJCQZAz,spotify:track:2yc1tTkJYJccj7KYJCQZAz,https://api.spotify.com/v1/tracks/2yc1tTkJYJccj7KYJCQZAz,https://api.spotify.com/v1/audio-analysis/2yc1tTkJYJccj7KYJCQZAz,{'spotify': 'https://open.spotify.com/track/5NWWzmogzsKzCqtCSKO0cL'}
¡Vamos a Ladrar!,Entretiempo,0.39,0.951,2,-2.742,1,0.083,0.00256,0.0,0.334,0.715,74.78,185773,4,audio_features,6OgbJjkFfFA07eLmzsOiBR,spotify:track:6OgbJjkFfFA07eLmzsOiBR,https://api.spotify.com/v1/tracks/6OgbJjkFfFA07eLmzsOiBR,https://api.spotify.com/v1/audio-analysis/6OgbJjkFfFA07eLmzsOiBR,{'spotify': 'https://open.spotify.com/track/5NWWzmogzsKzCqtCSKO0cL'}
Farlopa para Estopa,Halcon Eye,0.351,0.986,0,-2.898,1,0.0845,0.00443,1.96e-06,0.0609,0.485,139.399,105404,1,audio_features,3iUW32oL97bBcumD6vYgTc,spotify:track:3iUW32oL97bBcumD6vYgTc,https://api.spotify.com/v1/tracks/3iUW32oL97bBcumD6vYgTc,https://api.spotify.com/v1/audio-analysis/3iUW32oL97bBcumD6vYgTc,{'spotify': 'https://open.spotify.com/track/5NWWzmogzsKzCqtCSKO0cL'}
Estamos Ciegos,Displasia,0.411,0.982,7,-2.994,1,0.0868,0.002,0.00407,0.16,0.715,155.106,164893,4,audio_features,1j8zKxCS8R31CtPwFBAoDz,spotify:track:1j8zKxCS8R31CtPwFBAoDz,https://api.spotify.com/v1/tracks/1j8zKxCS8R31CtPwFBAoDz,https://api.spotify.com/v1/audio-analysis/1j8zKxCS8R31CtPwFBAoDz,{'spotify': 'https://open.spotify.com/track/5NWWzmogzsKzCqtCSKO0cL'}
Más Barato,Limando,0.585,0.8,7,-4.157,1,0.0578,0.625,0.0,0.859,0.481,78.999,118983,4,audio_features,1j8yBLqsE55RUYbDcf7NJC,spotify:track:1j8yBLqsE55RUYbDcf7NJC,https://api.spotify.com/v1/tracks/1j8yBLqsE55RUYbDcf7NJC,https://api.spotify.com/v1/audio-analysis/1j8yBLqsE55RUYbDcf7NJC,{'spotify': 'https://open.spotify.com/track/5NWWzmogzsKzCqtCSKO0cL'}
Es un Crimen - Eskorbuto,Cizaña,0.595,0.986,0,-5.464,1,0.0775,0.00893,0.0,0.0831,0.404,115.46,165695,4,audio_features,0BFpJ4UTaENgUAi0rukizY,spotify:track:0BFpJ4UTaENgUAi0rukizY,https://api.spotify.com/v1/tracks/0BFpJ4UTaENgUAi0rukizY,https://api.spotify.com/v1/audio-analysis/0BFpJ4UTaENgUAi0rukizY,{'spotify': 'https://open.spotify.com/track/5NWWzmogzsKzCqtCSKO0cL'}
El Potro Se Desboca,VonDänikens,0.381,0.962,6,-4.122,1,0.0465,1.01e-05,0.285,0.284,0.548,93.587,168202,4,audio_features,1GGLxNB8nRRzkjkzpOYU0X,spotify:track:1GGLxNB8nRRzkjkzpOYU0X,https://api.spotify.com/v1/tracks/1GGLxNB8nRRzkjkzpOYU0X,https://api.spotify.com/v1/audio-analysis/1GGLxNB8nRRzkjkzpOYU0X,{'spotify': 'https://open.spotify.com/track/5NWWzmogzsKzCqtCSKO0cL'}
Seguir en Pie,13Krauss,0.284,0.976,10,-4.696,1,0.0854,0.00058,0.0,0.353,0.636,164.099,185504,4,audio_features,7pPqxqgjtr7aH4SXlZXsEy,spotify:track:7pPqxqgjtr7aH4SXlZXsEy,https://api.spotify.com/v1/tracks/7pPqxqgjtr7aH4SXlZXsEy,https://api.spotify.com/v1/audio-analysis/7pPqxqgjtr7aH4SXlZXsEy,{'spotify': 'https://open.spotify.com/track/5NWWzmogzsKzCqtCSKO0cL'}
Mi Kolega Mountain Bike,Sikarios,0.49,0.876,0,-6.082,1,0.121,0.181,1.05e-06,0.0886,0.6,113.865,169560,3,audio_features,4KWDqoLJ0eroIWgd43U3U1,spotify:track:4KWDqoLJ0eroIWgd43U3U1,https://api.spotify.com/v1/tracks/4KWDqoLJ0eroIWgd43U3U1,https://api.spotify.com/v1/audio-analysis/4KWDqoLJ0eroIWgd43U3U1,{'spotify': 'https://open.spotify.com/track/5NWWzmogzsKzCqtCSKO0cL'}
Mariposas Kamikazes,Carroña,0.493,0.967,2,-4.339,0,0.144,0.000125,2.37e-06,0.111,0.434,141.001,187120,4,audio_features,6VLbcdgAlyrD1rODzjexe0,spotify:track:6VLbcdgAlyrD1rODzjexe0,https://api.spotify.com/v1/tracks/6VLbcdgAlyrD1rODzjexe0,https://api.spotify.com/v1/audio-analysis/6VLbcdgAlyrD1rODzjexe0,{'spotify': 'https://open.spotify.com/track/5NWWzmogzsKzCqtCSKO0cL'}
El Pirri,Kostrosos,0.507,0.976,10,-4.482,0,0.0745,0.00274,0.0,0.223,0.522,102.496,120712,4,audio_features,5EmVxDopHmn58kDdOgeHup,spotify:track:5EmVxDopHmn58kDdOgeHup,https://api.spotify.com/v1/tracks/5EmVxDopHmn58kDdOgeHup,https://api.spotify.com/v1/audio-analysis/5EmVxDopHmn58kDdOgeHup,{'spotify': 'https://open.spotify.com/track/5NWWzmogzsKzCqtCSKO0cL'}
Tenéis Speed?,Rat-Zinger,0.447,0.964,1,-3.031,1,0.0776,1.78e-05,0.000653,0.0658,0.478,137.025,168053,4,audio_features,1w0GUdlvwdpSoyqVb2Ofv7,spotify:track:1w0GUdlvwdpSoyqVb2Ofv7,https://api.spotify.com/v1/tracks/1w0GUdlvwdpSoyqVb2Ofv7,https://api.spotify.com/v1/audio-analysis/1w0GUdlvwdpSoyqVb2Ofv7,{'spotify': 'https://open.spotify.com/track/5NWWzmogzsKzCqtCSKO0cL'}
Dónde,K.O. Etíliko,0.555,0.903,2,-6.118,1,0.0398,0.00316,2.06e-05,0.358,0.607,110.991,164093,4,audio_features,0ztlhq7hP0TLpFjHuVTBol,spotify:track:0ztlhq7hP0TLpFjHuVTBol,https://api.spotify.com/v1/tracks/0ztlhq7hP0TLpFjHuVTBol,https://api.spotify.com/v1/audio-analysis/0ztlhq7hP0TLpFjHuVTBol,{'spotify': 'https://open.spotify.com/track/5NWWzmogzsKzCqtCSKO0cL'}
Tu Calor,Subversión X,0.489,0.793,0,-14.883,1,0.0424,0.000742,0.00248,0.166,0.662,97.967,208541,4,audio_features,0ZIH51wP3u1amW6IytOGW5,spotify:track:0ZIH51wP3u1amW6IytOGW5,https://api.spotify.com/v1/tracks/0ZIH51wP3u1amW6IytOGW5,https://api.spotify.com/v1/audio-analysis/0ZIH51wP3u1amW6IytOGW5,{'spotify': 'https://open.spotify.com/track/5NWWzmogzsKzCqtCSKO0cL'}
No Aburras,La Polla Records,0.376,0.872,7,-8.275,1,0.0474,0.000104,0.0,0.0803,0.686,177.917,149400,4,audio_features,0YhoYhfYdBMD66ARMVQqvH,spotify:track:0YhoYhfYdBMD66ARMVQqvH,https://api.spotify.com/v1/tracks/0YhoYhfYdBMD66ARMVQqvH,https://api.spotify.com/v1/audio-analysis/0YhoYhfYdBMD66ARMVQqvH,{'spotify': 'https://open.spotify.com/track/5NWWzmogzsKzCqtCSKO0cL'}
