,position,company,numreview,location,data_scientist,data_analyst,data_engineer
0,data_scientist—research_(ref_#_exec/rd_dat_nyc_6073),New York State Office of the Attorney General (OAG),0,"New York, NY",1,0,0
1,data_scientist/pre_sales_engineer,Celonis,0,"New York, NY",1,0,0
2,data_analyst/research_scientist,Columbia University Medical Center,217,"New York, NY 10032",0,1,0
3,data_scientist,fractalanalytics,0,"Jersey City, NJ",1,0,0
4,data_scientist,Blackboard Insurance,0,"New York, NY",1,0,0
5,data_analyst_/_data_scientist,Defined Clarity,0,"New York, NY",1,1,0
6,staff_data_scientist,Foursquare,7,"New York, NY",1,0,0
7,clinical_data_assistant_-_ipc,NYU Langone Health,705,"New York, NY 10016",0,0,0
8,data_analytics_specialist,DEPARTMENT OF CITY PLANNING,0,"Manhattan, NY",0,1,0
9,"data_scientist,_supply_chain_analytics",HelloFresh,208,"New York, NY",1,1,0
10,"data_scientist,_analytics",Freshly,7,"New York, NY",1,1,0
11,statistical_analyst/data_scientist_(machine_learning),Medidata Solutions,33,"New York, NY 10003",1,0,0
12,data_visualization_data_scientist,Capital One,"6,318","New York, NY 10261",1,0,0
13,data_scientist,Prudential,"2,010","Newark, NJ",1,0,0
14,data_scientist_(data_science_team),OppenheimerFunds,40,"New York, NY",1,0,0
15,data_scientist,"J.Crew Group, Inc.",760,"New York, NY 10003",1,0,0
16,quantitative_analyst_developer,Axioma Inc.,0,"New York, NY",0,1,0
17,image_processing_scientist,"Topcon Medical Systems, Inc.",0,"Oakland, NJ",0,0,0
18,sales_engineer,Gro Intelligence,0,"New York, NY 10001",0,0,0
19,"senior_evaluation_coordinator,_new_york_city_teens_connection,_bronx_neighborhood_health_action_center",DEPT OF HEALTH/MENTAL HYGIENE,8,"Bronx, NY",0,0,0
20,"director,_data_science",Capital One,"6,318","New York, NY 10261",0,0,0
21,clinical_trial_research_analyst,Memorial Sloan Kettering,703,"New York, NY",0,0,0
22,data_scientist,Sweeten,0,"New York, NY",1,0,0
23,data_scientist,"Edison Software, Inc.",0,"New York, NY",1,0,0
24,senior_quantitative_analyst,TD Securities,108,"New York, NY 10019",0,1,0
25,"senior_associate,_data_scientist/statistics_--_financial_services",KPMG,"4,491","New York, NY 10154",1,0,0
26,data_scientist,Organic,32,"New York, NY",1,0,0
27,senior_research_analyst,New York University,699,"New York, NY",0,0,0
28,grants_manager_-_loh,NYU Langone Health,705,"New York, NY 10003",0,0,0
29,jr_data_scientist,Callière Group,0,"New York, NY",1,0,0
30,machine_learning_data_scientist,Morgan Stanley,"2,694","New York, NY",1,0,0
31,data_scientist,Northwestern Mutual Life Insurance Company,"2,203","New York, NY 10003",1,0,0
32,game_data_scientist,Tilting Point,0,"New York, NY",1,0,0
33,data_scientist,Hanweck Associates,0,"New York, NY 10004",1,0,0
34,data_scientist,Parsec Media,0,"New York, NY",1,0,0
35,data_scientist_-_analytics,DoSomething.org,5,"New York, NY 10010",1,1,0
36,junior_data_scientist,Interactive Brokers,24,"New York, NY",1,0,0
37,data_scientist,Gemological Institute of America,84,"New York, NY 10065",1,0,0
38,data_scientist,Capgemini,"5,718","New York, NY",1,0,0
39,data_scientist,Shutterstock,39,"New York, NY",1,0,0
40,data_scientist,Rauxa,11,"New York, NY",1,0,0
41,data_scientist,S&P Global,605,"New York, NY",1,0,0
42,data_scientist,SQAD LLC,0,"New York, NY 10022",1,0,0
43,data_scientist,Wade & Wendy,0,"New York, NY",1,0,0
44,data_scientist,Aetna,"3,371","New York, NY 10016",1,0,0
45,jr._data_scientist,NYP/Weill Cornell Medical Center,"1,107","New York, NY",1,0,0
46,data_scientist,Rent the Runway,64,"New York, NY",1,0,0
47,data_scientist_i,Grubhub,262,"New York, NY",1,0,0
48,data_scientist,Verizon,"19,883","New York, NY 10007",1,0,0
49,data_scientist,Trialspark,0,"New York, NY",1,0,0
50,applied_data_scientist,Aptus Health,5,"New York, NY 10020",1,0,0
51,customer_data_scientist,Smartly,0,"New York, NY",1,0,0
52,data_scientist,605,0,"New York, NY",1,0,0
53,data_scientist,Dirty Lemon Beverages,0,"New York, NY",1,0,0
54,data_scientist,Thomas Publishing Company LLC,5,"New York, NY 10001",1,0,0
55,data_scientist,New York State Office of the Attorney General,40,"New York, NY",1,0,0
56,data_&_applied_scientist,Microsoft,"4,611","New York, NY",0,0,0
57,data_scientist,Hearts and Science,0,"New York, NY",1,0,0
58,data_scientist,National Debt Relief,91,"New York, NY 10004",1,0,0
59,data_scientist,Talent & Acquisition LLC,0,"New York, NY",1,0,0
60,"data_scientist,_content_business_analysis",Spotify,33,"New York, NY 10011",1,0,0
61,data_scientist,"Liberty Lending, LLC",0,"New York, NY",1,0,0
62,data_scientist,Invesco,272,"New York, NY 10036",1,0,0
63,data_scientist,Custoria,0,"New York, NY",1,0,0
64,"data_scientist,_modeling_team",Applecart,0,"New York, NY",1,0,0
65,"data_scientist,_analytics",Venmo,3,"New York, NY",1,1,0
66,data_scientist_ii,Comcast,"11,607","New York, NY 10020",1,0,0
67,data_scientist,Neuberger Berman,59,"New York, NY",1,0,0
68,data_scientist,Transfix.io,0,"New York, NY",1,0,0
69,data_scientist,Vettery,0,"New York, NY",1,0,0
70,data_scientist,FanDuel,10,"New York, NY",1,0,0
71,data_scientist,Datadog,4,"New York, NY",1,0,0
72,research_data_scientist,Stevens Institute of Technology,220,"Hoboken, NJ 07030",1,0,0
73,data_scientist_(nyc),"Attorney General, Office of the",2,"New York, NY",1,0,0
74,data_scientist,Schireson,0,"New York, NY",1,0,0
75,"data_scientist,_customer_operations",Squarespace,19,"New York, NY 10014",1,0,0
76,data_scientist,Komodo Health,0,"New York, NY",1,0,0
77,data_scientist,Integral Ad Science,5,"New York, NY 10003",1,0,0
78,data_scientist,T. Rowe Price,307,"New York, NY",1,0,0
79,data_scientist,"Bombfell, Inc.",0,"New York, NY",1,0,0
80,"data_scientist,_machine_learning_&_ai",Etsy,31,"Brooklyn, NY",1,0,0
81,policy_analyst_(data_scientist),The University of Chicago,368,"New York, NY",1,0,0
82,data_scientist,Annalect,7,"New York, NY",1,0,0
83,data_scientist,Tapestry,25,"New York, NY",1,0,0
84,pmc:_data_scientist,Penske Media Corp.,3,"New York, NY 10017",1,0,0
85,product_data_scientist,Prometheus Global Media,6,"New York, NY 10173",1,0,0
86,data_scientist,Reorg Research,0,"New York, NY",1,0,0
87,data_scientist,7Park Data,0,"New York, NY",1,0,0
88,data_scientist_-_avp,Citi,"14,088","New York, NY 10261",1,0,0
89,data_scientist,Ipsos North America,333,"New York, NY",1,0,0
90,data_scientist,Conde Nast,241,"New York, NY 10007",1,0,0
91,"data_scientist,_markets_research",Spotify,33,"New York, NY 10011",1,0,0
92,data_scientist,Intent Media,2,"New York, NY",1,0,0
93,data_scientist,ITL USA,"10,251","New York, NY",1,0,0
94,staff_data_scientist,Bluecore,3,"New York, NY 10002",1,0,0
95,data_scientist,Morgan Stanley,"2,694","New York, NY",1,0,0
96,risk_analyst_/_data_scientist,Bread Finance,0,"New York, NY",1,0,0
97,data_scientist,Alphasights: Engineering,0,"New York, NY",1,0,0
98,data_intelligence_-_research_&_development_scientist,Goldman Sachs,"1,148","New York, NY 10282",0,0,0
99,data_scientist,Oath Inc,5,"New York, NY",1,0,0
100,data_scientist,AdTheorent,2,"New York, NY",1,0,0
101,data_scientist,Fractal Analytics,22,"Jersey City, NJ",1,0,0
102,software_developer_/_data_scientist,"Skoop Analytics, Inc.",0,"New York, NY",1,0,0
103,data_scientist,"Two Sigma Investments, LLC.",7,"New York, NY",1,0,0
104,customer_facing_data_scientist,DataRobot,2,"New York, NY",1,0,0
105,data_scientist,SGS,438,"Rutherford, NJ",1,0,0
106,data_scientist,Interactive Brokers,24,"New York, NY",1,0,0
107,data_scientist,Bed Bath & Beyond,"4,677","Union, NJ 07083",1,0,0
108,data_scientist,Sapient Global Markets,39,"New York, NY",1,0,0
109,data_scientist_-_journey_analytics,McKinsey & Company,385,"New York, NY 10022",1,1,0
110,data_scientist,3Q Digital,9,"New York, NY",1,0,0
111,machine_/_learning_data_scientist,Big Mirror Labs,0,"New York, NY 10014",1,0,0
112,data_scientist,AllianceBernstein,61,"New York, NY",1,0,0
113,lead_data_scientist,Fareportal Inc.,116,"New York, NY 10020",1,0,0
114,data_scientist_-_bomoda,Weber Shandwick,101,"New York, NY",1,0,0
115,"people_research_scientist,_people_analytics",Facebook,366,"New York, NY",0,1,0
116,data_scientist,Elsevier,476,"New York, NY 10010",1,0,0
117,"data_scientist,_analytics",Etsy,31,"Brooklyn, NY",1,1,0
118,"data_scientist/quantitative_analyst_intern,_summer_2018",Google,"2,473","New York, NY 10011",1,1,0
119,data_scientist,Sartorius Corporation,3,"New York, NY",1,0,0
120,data_scientist,Rockstar New York,0,"New York, NY",1,0,0
121,data_scientist,thoughtmatrix,0,"New York, NY",1,0,0
122,data_scientist,Daugherty New York,29,"New York, NY",1,0,0
123,data_scientist,PlaceIQ,7,"New York, NY",1,0,0
124,"data_scientist,_analytics",Facebook,366,"New York, NY",1,1,0
125,data_scientist_and_machine_learning_researcher,American Express,"5,653","New York, NY",1,0,0
126,data_scientist,Viome,0,"New York, NY",1,0,0
127,data_scientist_(product),Spotify,33,"New York, NY 10011",1,0,0
128,data_scientist,BuzzFeed,30,"New York, NY",1,0,0
129,applied_scientist,Amazon.com,"25,883","New York, NY",0,0,0
130,"data_scientist,_premium_analytics",Spotify,33,"New York, NY 10011",1,1,0
131,data_scientist,CBRE,"2,058","New York, NY",1,0,0
132,data_scientist-_ads,BuzzFeed,30,"New York, NY",1,0,0
133,data_scientist,Businesses UNITED TECHNOLOGIES CORP. HEADQUARTERS,831,"New York, NY",1,0,0
134,consumer_finance_-_decision_and_data_scientist_-_analyst/associate_-_new_york_city,Goldman Sachs,"1,148","New York, NY 10282",1,0,0
135,experienced_data_scientist,Dataiku,0,"New York, NY",1,0,0
136,nyl_post_grad_internship:_data_scientist/statistician,New York Life Insurance Co,"1,677","New York, NY",1,0,0
137,bioinformatics_scientist_/_data_scientist,Projectline,0,"New York, NY",1,0,0
138,genomic_data_scientist,Medidata Solutions,33,"New York, NY 10003",1,0,0
139,data_science_-_data_scientist_-_new_york,Capgemini,"5,718","Jersey City, NJ",1,0,0
140,image_data_scientist,Merck,"2,986","Rahway, NJ",1,0,0
141,"applied_scientist,_catalog_item_relationships",Amazon.com,"25,883","New York, NY",0,0,0
142,behavioral_scientist,MRY,6,"New York, NY",0,0,0
143,business/data_analysis,Talent Management Solutions,0,"New York, NY",0,0,0
144,"data_scientist,_analytics",TripleLift,0,"New York, NY 10016",1,1,0
145,data_scientist_-_private_bank,Morgan Stanley,"2,694","New York, NY",1,0,0
146,sr_data_scientist,Amazon.com,"25,883","New York, NY",1,0,0
147,"data_scientist_-_portfolio_management_strategy_and_analytics-new_york,_ny",Credibly,3,"New York, NY",1,1,0
148,data_scientist,Verra Mobility,28,"Jersey City, NJ",1,0,0
149,data_scientist_/_sr_strategic_analyst,Memorial Sloan Kettering,703,"New York, NY",1,0,0
150,data_scientist/engineer,OUTFRONT media,108,"New York, NY",1,0,0
151,senior_data_scientist,Rockets of Awesome,0,"New York, NY",1,0,0
152,data_scientist,The New York Times,197,"New York, NY",1,0,0
153,data_scientist_-_investment_bank,UBS,"1,574","New York, NY",1,0,0
154,data_scientist_with_credit_risk_experience,Synechron,199,"New York, NY",1,0,0
155,assistant_research_scientist,"Research Foundation for Mental Hygiene, Inc.",0,"New York, NY 10001",0,0,0
156,research_data_associate,NYU Langone Health,705,"New York, NY 10016",0,0,0
157,personal_financial_management_-_decision_and_data_scientist_-_associate/vice_president-_new_york_city,Goldman Sachs,"1,148","New York, NY 10282",1,0,0
158,data_analyst,DEPARTMENT OF FINANCE,108,"Manhattan, NY",0,1,0
159,associate_data_scientist,AeroFarms,7,"Newark, NJ 07105",1,0,0
160,field_data_scientist,Forcepoint,90,"New York, NY",1,0,0
161,applied_data_scientist_in_infrastructure,JP Morgan Chase,"20,319","Jersey City, NJ 07310",1,0,0
162,applied_scientist-_ai,Amazon.com,"25,883","New York, NY",0,0,0
163,data_scientist_-_marketing,HelloFresh,208,"New York, NY",1,0,0
164,"data_scientist,_group_benefits_and_middle_market_p&c",The Hartford,"1,391","New York, NY",1,0,0
165,ai_scientist_-_new_york,BenevolentAI,0,"New York, NY",0,0,0
166,"gir,_data_strategy,_analyst/associate_-_new_york",Goldman Sachs,"1,148","New York, NY 10282",0,0,0
167,data_scientist_analyst_jg18,AIG,"2,611","New York, NY",1,0,0
168,clinical_data_scientist,Becton Dickinson & Company,893,"Murray Hill, NJ",1,0,0
169,data_scientist,Nielsen,"1,918","New York, NY 10003",1,0,0
170,"research_position_(various_levels),_systems_biology",Simons Foundation,4,"New York, NY 10010",0,0,0
171,quantitative_corporate_finance_analyst,Global Atlantic Financial Group,9,"New York, NY",0,0,0
172,"associate_director,_data_&_analysis",DigitasLBi,151,"New York, NY",0,0,0
173,"associate_scientist_ii,_synthesis","GENEWIZ, Inc.",29,"South Plainfield, NJ",0,0,0
174,"associate,_client_success",Conversion Logic,0,"New York, NY 10018",0,0,0
175,senior_software_engineer_-_data,Squarespace,19,"New York, NY 10014",0,0,0
176,senior_grants_specialist,NYU Langone Health,705,"New York, NY 10016",0,0,0
177,sales_strategy_associate,Oscar Insurance,19,"New York, NY 10012",0,0,0
178,assistant_administrator,Albert Einstein College of Medicine,143,"Bronx, NY",0,0,0
179,statistical_programmer_analyst,Columbia University,749,"New York, NY",0,0,0
180,tech_lead,R/GA,15,"New York, NY",0,0,0
181,"director,_financial_services_-_data_scientist",KPMG,"4,491","New York, NY 10154",1,0,0
182,predictive_modeling_analyst,Marsh,182,"New York, NY",0,0,0
183,predictive_modeling_analyst,Oliver Wyman,537,"New York, NY 10036",0,0,0
184,junior_account_manager_(e-commerce_focus),Envision Horizons,0,"New York, NY",0,0,0
185,director_of_data,TBWA\WorldHealth,6,"New York, NY",0,0,0
186,computer_vision_&_machine_learning_engineer,Park Assist LLC,0,"New York, NY",1,0,0
187,senior_data_engineer,Adaptive Management,2,"New York, NY",0,0,1
188,machine_learning_infrastructure_engineer,Spotify,33,"New York, NY 10011 ",1,0,0
189,bell_labs_-data_analytics_and_machine_learning,NOKIA,"3,372","Murray Hill, NJ",1,1,0
190,quantitative_research_analyst,Morningstar,129,"New York, NY",0,0,0
191,assistant_registrar,Rutgers University,586,"Newark, NJ",0,0,0
192,mgr/sr_mgr-model_risk_management_-_data_scientist,American Express,"5,653","New York, NY",1,0,0
193,senior_quantitative_analyst,Bank of America,"21,942","New York, NY 10281 ",0,1,0
194,"manager,_business_&_data_analysis_-_business_intelligence",SiriusXM,155,"New York, NY 10104 ",0,0,0
195,market_research_analyst,SKIM,0,"Hoboken, NJ",0,0,0
196,"azure_data_scientist,_senior_associate",KPMG,"4,491","New York, NY 10154 ",1,0,0
197,iot_intern_(computer_science/electrical_engineering),Delos,8,"New York, NY 10014 ",0,0,0
198,"software_engineer_(python,_data_platform)",Explore Group Inc,0,"New York, NY",0,0,0
199,research_technician,Columbia University Medical Center,217,"New York, NY 10032 ",0,0,0
200,research_assistant,Columbia University,749,"New York, NY",0,0,0
201,head_of_creator_marketplace_intelligence,Spotify,33,"New York, NY 10011 ",0,0,0
202,"gsam,_fixed_income,_distressed_research_analyst_-_vice_president",Goldman Sachs,"1,148","New York, NY 10282 ",0,0,0
203,global_research_summer_analyst_program_2019,Bank of America,"21,942","New York, NY",0,0,0
204,vp_-_machine_learning_engineer_-_center_of_excellence,JP Morgan Chase,"20,319","New York, NY 10001 ",1,0,0
205,"medical_communications_specialist,_bureau_of_public_health_training",DEPT OF HEALTH/MENTAL HYGIENE,8,"Queens, NY",0,0,0
206,bioinformatics_engineer_-_new_york,BenevolentAI,0,"New York, NY",0,0,0
207,big_data_sw_engineer,KPMG,"4,491","New York, NY 10154 ",0,0,0
208,lead_analyst-solutions_development,NYU Langone Health,705,"New York, NY 10016 ",0,0,0
209,"specialist_-_healthcare_analytics_&_delivery,_new_ventures",McKinsey & Company,385,"New York, NY 10022 ",0,1,0
210,senior_research_analyst,The New School,111,"New York, NY",0,0,0
211,"research_engineer,_ai_(university_grad)",Facebook,366,"New York, NY",0,0,0
212,research_associate_-_in_vivo_pharmacology,Eli Lilly,"1,194","New York, NY",0,0,0
213,sr._research_analyst,Twentieth Television,5,"New York, NY",0,0,0
214,junior_statistical_programmer,Everest Clinical Research,3,"Little Falls, NJ",0,0,0
215,data_engineer,Averity,0,"New York, NY",0,0,1
216,senior_data_science_engineer,Getty Images,92,"New York, NY",0,0,1
217,sr._financial_analyst,NYU Langone Health,705,"New York, NY 10016 ",0,0,0
218,environmental_scientist_ii,Matrix New World Engineering,2,"Florham Park, NJ 07932",0,0,0
219,research_scientist/senior_research_scientist,The College Board,114,"New York, NY",0,0,0
220,equity_research_analyst_(biotech),Robert W. Baird,43,"New York, NY",0,0,0
221,senior_quantitative_analyst,Vichara,0,"New York, NY",0,1,0
222,"technical_support_specialist,_biotech",HistoWiz,2,"Brooklyn, NY",0,0,0
223,"compliance_officer_-_healthcare_analytics,_new_ventures",McKinsey & Company,385,"New York, NY 10022 ",0,1,0
224,commodity_markets_research_analyst,ACT Commodities,0,"New York, NY",0,0,0
225,field_technician-environmental_compliance,HDR,239,"New York, NY",0,0,0
226,neuroscience_research_specialist,Weill Cornell Medicine,456,"New York, NY",0,0,0
227,data_quality/cde_analysis_lead,RBC,"2,763","Jersey City, NJ",0,0,0
228,equity_research_-_reits_analyst/associate,Morgan Stanley,"2,694","New York, NY",0,0,0
229,financial_project_analyst_(real_estate_development_and_facilities),NYU Langone Health,705,"New York, NY 10016 ",0,0,0
230,"vp,_business_intelligence",R/GA,15,"New York, NY",0,0,0
231,bioinformatics_scientist,"GENEWIZ, Inc.",0,"South Plainfield, NJ",0,0,0
232,"associate_director,_data_science_(2018030)",Annalect,7,"New York, NY",0,0,0
233,senior_research_analyst,Insider Inc.,0,"New York, NY 10006 ",0,0,0
234,translational_core_administrator,Albert Einstein College of Medicine,143,"Bronx, NY",0,0,0
235,qa_engineer,Schireson,0,"New York, NY",0,0,0
236,fgp_senior_billing_rep_(35),NYU Langone Health,705,"New York, NY 10016 ",0,0,0
237,equity_manager_research_analyst,Citi,"14,088","New York, NY 10261 ",0,0,0
238,quantitative_analyst,Credit Suisse,"1,189","New York, NY 10022 ",0,1,0
239,"software_engineer,_machine_learning",Twitter,56,"New York, NY",1,0,0
240,"manager,_data_scientist_(ml/nlp)_--_financial_services",KPMG,"4,491","New York, NY 10154 ",1,0,0
241,"analytics_expert_-_journey_analytics,_new_ventures",McKinsey & Company,385,"New York, NY 10022 ",0,1,0
242,cib_data_analytics_–_program_execution_associate,JP Morgan Chase,"20,319","New York, NY 10179 ",0,1,0
243,senior_manager_data_scientist,Capital One,"6,318","New York, NY 10261 ",1,0,0
244,manager_of_analytics_-_data_scientist,Network ESC,0,"Troy Hills, NJ",1,1,0
245,"instagram_-_software_engineer,_machine_learning",Facebook,366,"New York, NY",1,0,0
246,decision_scientist_-_associate_-_cib_treasury_services,JP Morgan Chase,"20,319","New York, NY 10179 ",0,0,0
247,environmental_scientist/geologist/engineer,GEI Consultants Inc,16,"Bloomfield, NJ",0,0,0
248,deputy_director_for_child_welfare_reporting,NYC Administration for Children's Services,159,"Manhattan, NY",0,0,0
249,"azure_data_scientist,_manager",KPMG,"4,491","New York, NY 10154 ",1,0,0
250,"lead_data_science_instructor,_principal_data_scientist",Galvanize,10,"New York, NY 10013 ",1,0,0
251,quantitative_analyst_-_equity_derivatives,UBS,"1,574","New York, NY",0,1,0
252,junior_research_and_development_analyst,Construction Realty Services Group,4,"Lynbrook, NY",0,0,0
253,quality_control_scientist,Wittaff Inc.,0,"Allendale, NJ",0,0,0
254,environmental_scientist,NV5,7,"Parsippany, NJ",0,0,0
255,electron_microscopy_technician,Weill Cornell Medicine,456,"New York, NY",0,0,0
256,cyber_analyst,UHY LLP,25,"New York, NY 10036",0,0,0
257,"contract,_accounts_payable_associate_(new_york)",BuzzFeed,30,"New York, NY",0,0,0
258,"data_engineering_manager,_analytics_(instagram)",Facebook,366,"New York, NY",0,1,1
259,"global_manager,_data_integration",ZX Ventures,0,"New York, NY",0,0,0
260,fixed_income_research_analyst,Intercontinental Exchange,57,"New York, NY 10022 ",0,0,0
261,electroneurodiagnostic_technologist_ii-bv,NYU Langone Health,705,"New York, NY 10016 ",0,0,0
262,sr_operations_analyst,NYU Langone Health,705,"New York, NY 10016 ",0,0,0
263,facility_budget_research_analyst,Metropolitan Transportation Authority,752,"Manhattan, NY",0,0,0
264,serve_jersey_city_-_community_research_analyst,AmeriCorps,"1,984","New York, NY",0,0,0
265,machine_learning_engineer,Pager,0,"New York, NY",1,0,0
266,financial_controller,Dataiku,0,"New York, NY",0,0,0
267,technical_recruiter,Square,52,"New York, NY 10018 ",0,0,0
268,data_scientist,Bonobos,15,"New York, NY",1,0,0
269,"analyst,_data_analytics",Slack,6,"New York, NY",0,1,0
270,data_scientist,Averity,0,"New York, NY",1,0,0
271,"quantitative_analyst,_high_frequency_trading","Two Sigma Investments, LLC.",7,"New York, NY",0,1,0
272,principal_researcher,Blue Apron,418,"New York, NY 10013 ",0,0,0
273,"analyst_-_healthcare_analytics_&_delivery,_mckinsey_new_ventures",McKinsey & Company,385,"New York, NY 10022 ",0,1,0
274,regulatory/financial_analyst_(associate)_-_data_&_statistics_-_research_and_statistics_group,Federal Reserve Bank of New York,462,"New York, NY",0,0,0
275,python_developer,Nielsen,"1,918","New York, NY 10003 ",0,0,0
276,"assistant_director,_admissions",Weill Cornell Medicine,456,"New York, NY",0,0,0
277,data_science_manager_-_life_sciences_industry,Accenture,"14,198","New York, NY 10011 ",0,0,0
278,"derivative_quant_trader,_delta_one_group",Hap Capital,0,"New York, NY",0,0,0
279,"data_scientist,_engineering",Google,"2,473","New York, NY 10011 ",1,0,0
280,technical_writer,Elenion Technologies,0,"New York, NY",0,0,0
281,quantitative_research_analyst_gaming_and_digital_entertainment,"Frank N. Magid Associates, Inc.",0,"New York, NY",0,0,0
282,senior_data_scientist,DataMasters,0,"New York, NY",1,0,0
283,director_data_science,CBS Corporate,933,"New York, NY 10176 ",0,0,0
284,associate_-_machine_learning,McKinsey & Company,385,"New York, NY 10022 ",1,0,0
285,data_science_manager,"Two Sigma Investments, LLC.",7,"New York, NY",0,0,0
286,quantitative_equity_risk_analyst,OppenheimerFunds,40,"New York, NY",0,0,0
287,supervisor-echocardiography_svcs,NYU Langone Health,705,"New York, NY 10016 ",0,0,0
288,"cyber_analytics_data_scientist,_manager",PwC,"5,645","New York, NY 10002 ",1,1,0
289,quantitative_research_analyst,Invesco,272,"New York, NY 10036",0,0,0
290,statistical_programmer,The Rockefeller University,61,"New York, NY",0,0,0
291,quantitative_analyst,Cognizant,"10,123","New York, NY",0,1,0
292,electroneurodiagnostic_techg_ii_-_bv,NYU Langone Health,705,"New York, NY 10016 ",0,0,0
293,data_analytics_platform_developer,JP Morgan Chase,"20,319","New York, NY 10001 ",0,1,0
294,data_analytics_platform_gui_developer,JP Morgan Chase,"20,319","New York, NY 10001 ",0,1,0
295,energy_program_analyst,DEPT OF ENVIRONMENT PROTECTION,65,"Queens, NY",0,0,0
296,research_analyst,Research Now,48,"New York, NY 10018 ",0,0,0
297,ipsc_process_development_associate,New York Stem Cell Foundation,4,"New York, NY 10023 ",0,0,0
298,value_analyst,Hospital for Special Surgery,269,"New York, NY",0,0,0
299,product_manager,Gro Intelligence,0,"New York, NY 10001 ",0,0,0
300,machine_learning_engineer_-_center_of_excellence_-_associate,JP Morgan Chase,"20,319","New York, NY 10001 ",1,0,0
301,ux_researcher,Gro Intelligence,0,"New York, NY 10001 ",0,0,0
302,accounts_receivable_associate(new_york),BuzzFeed,30,"New York, NY",0,0,0
303,"director,_data_science",SiriusXM,155,"New York, NY 10104 ",0,0,0
304,molecular_technologist,SEMA4,0,"New York, NY 10029 ",0,0,0
305,data_scientist_lead_-_global_research_&_data_analytics_-_ed,JP Morgan Chase,"20,319","New York, NY 10179 ",1,1,0
306,data_scientist_&_engineer,Payette Group,0,"New York, NY",1,0,0
307,"director,_member_data_science",NIKE INC,"6,054","New York, NY",0,0,0
308,solutions_analyst,Conviva,9,"New York, NY 10016 ",0,0,0
309,hr_manager,Gro Intelligence,0,"New York, NY 10001 ",0,0,0
310,genetics_counselor,Weill Cornell Medicine,456,"New York, NY",0,0,0
311,business_development_associate,Correlation One,0,"New York, NY",0,0,0
312,equity_research_analyst/_reits,UBS,"1,574","New York, NY",0,0,0
313,quantitative_analyst,"Two Sigma Investments, LLC.",7,"New York, NY",0,1,0
314,"scientist,_analytical_sciences",Merck,"2,986","Rahway, NJ",0,0,0
315,quantitative_analyst_-_model_validation_group,Fitch Ratings,74,"New York, NY",0,1,0
316,research_technician_i,Weill Cornell Medicine,456,"New York, NY",0,0,0
317,clinical_research_associate_ii,NYU Langone Health,705,"New York, NY 10016 ",0,0,0
318,principal_data_science,CBS Corporate,933,"New York, NY 10176 ",0,0,0
319,hris_coordinator/specialist,Springer Nature,40,"New York, NY",0,0,0
320,"data_linkage_operations_and_research_manager,_bureau_of_epidemiology_services",DEPT OF HEALTH/MENTAL HYGIENE,8,"Queens, NY",0,0,0
321,"assessment_science_partner,_people_analytics",Facebook,366,"New York, NY",0,1,0
322,business_analyst_-_science,AIG,"2,611","New York, NY",0,0,0
323,research_&_quality_manager,NYU Langone Health,705,"New York, NY 10016 ",0,0,0
324,bi_developer,NYU Langone Health,705,"New York, NY 10016 ",0,0,0
325,data_analysis_manager,Capital One,"6,318","New York, NY 10261 ",0,0,0
326,producer,Wunderman,194,"New York, NY 10017 ",0,0,0
327,senior_associate_-_cognitive_data_scientist_natural_language_processing,KPMG,"4,491","New York, NY 10154 ",1,0,0
328,"senior_scientist,_content_science","Pandora Media, Inc.",33,"New York, NY",0,0,0
329,special_assistant_to_the_deputy_commissioner/che,DEPT OF HEALTH/MENTAL HYGIENE,8,"Queens, NY",0,0,0
330,continuous_improvement_manager,The Future Project,7,"New York, NY 10003 ",0,0,0
331,research_analyst,Diligent,23,"New York, NY",0,0,0
332,software_engineer_/_research_scientist_-_question_answering,Bloomberg,639,"New York, NY",0,0,0
333,"vice_president,_dfir",Stroz Friedberg,14,"New York, NY 10013 ",0,0,0
334,quantitative_research_analyst,Primary Search Management,0,"New York, NY 10107 ",0,0,0
335,cib_-_data_science_data_engineer_-_vp,JP Morgan Chase,"20,319","New York, NY 10001 ",0,0,1
336,senior_research_scientist_(domestic),Guttmacher Institute,0,"New York, NY 10038 ",0,0,0
337,global_quantitative_analytics_analyst_program_-_2019,Bank of America,"21,942","New York, NY",0,1,0
338,lead_data_scientist,Quest Groups LLC,0,"New York, NY",1,0,0
339,"manager,_investment_data",Balyasny,5,"New York, NY",0,0,0
340,retail_solutions_consultant,Celect,0,"New York, NY",0,0,0
341,lead_data_engineer,ThoughtWorks,59,"New York, NY 10016 ",0,0,1
342,revenue_management_analyst-process_improvement,NYU Langone Health,705,"New York, NY 10016 ",0,0,0
343,"citi_research_–_research_product_analyst,_avp_(ny)",Citi,"14,088","New York, NY 10261 ",0,0,0
344,sr._data_engineer,"J.Crew Group, Inc.",760,"New York, NY 10003 ",0,0,1
345,"chief_technology_officer_-_mckinsey_academy,_new_ventures",McKinsey & Company,385,"New York, NY 10022 ",0,0,0
346,"data_science_lead,_editorial_lab",Dow Jones,164,"New York, NY 10176 ",0,0,0
347,research_assistants,Kessler Foundation,7,"West Orange, NJ 07052",0,0,0
348,bioanalytical_scientist,"Eurofins Lancaster Laboratories Professional Scientific Services, LLC",638,"Kenilworth, NJ",0,0,0
349,global_insights_for_adjacencies,ZX Ventures,0,"New York, NY",0,0,0
350,"sales_engineer,_machine_learning,_google_cloud",Google,"2,473","New York, NY 10011 ",1,0,0
351,"analyst,_research_finance",Columbia University,749,"New York, NY",0,0,0
352,managing_applications_consultant_-_supply_chain_business_/_functional_data_scientist,Capgemini,"5,718","Jersey City, NJ",1,0,0
353,pathology_lab_accessioner,NYU Langone Health,705,"New York, NY 10016 ",0,0,0
354,lead_researcher-bcg_turn_transformation/_bcg_henderson_institute,The Boston Consulting Group,198,"New York, NY 10022 ",0,0,0
355,real_estate_research_analyst,StepStone Group LP,0,"New York, NY",0,0,0
356,growth_hacker_(ai_games),Correlation One,0,"New York, NY",0,0,0
357,"associate_director,_senior_data_scientist",S&P GLOBAL MARKET INTELLIGENCE,605,"New York, NY 10041 ",1,0,0
358,quantitative_analyst,AllianceBernstein,61,"New York, NY",0,1,0
359,associate_scientist,Certara,4,"Parsippany, NJ",0,0,0
360,exciting_senior_data_scientist_at_successful_startup,Harnham,0,"New York, NY",1,0,0
361,research_study_specialist-_immunotherapy_core_service,Memorial Sloan Kettering,703,"New York, NY",0,0,0
362,business_analyst,Hudson River Trading,2,"New York, NY 10005 ",0,0,0
363,assistant_research_technician_–_cardiology,NYU Langone Health,705,"New York, NY 10016 ",0,0,0
364,"associate,_analytics",Xaxis,11,"New York, NY",0,1,0
365,"global_lead,_ecommerce_strategy_and_capabilities",ZX Ventures,0,"New York, NY",0,0,0
366,environmental_scientist,Eagle SNG,0,"Parsippany, NJ",0,0,0
367,quantitative_analyst,RBC,"2,763","New York, NY",0,1,0
368,"head,_americas_machine_learning_and_ai_specialist_solutions_architecture",Amazon.com,"25,883","New York, NY",1,0,0
369,quantitative_researcher_in_machine_learning,"Two Sigma Investments, LLC.",7,"New York, NY",1,0,0
370,18009346_-_mgr/sr._mgr_-_data_scientist_-_customer_data_science,American Express,"5,653","New York, NY",1,0,0
371,sr_research_coordinator,NYU Langone Health,705,"New York, NY 10016 ",0,0,0
372,"analyst,_program_research",A+E Networks,99,"New York, NY",0,0,0
373,assistant_director_-_pharmacy_medication_safety,NYU Langone Health,705,"New York, NY 10016 ",0,0,0
374,clinical_interviewer,Albert Einstein College of Medicine,143,"Bronx, NY",0,0,0
375,adtech_senior_data_scientist,Harnham,0,"New York, NY",1,0,0
376,assistant_vice_president_-_data_science_business_strategist,BNP Paribas,"2,166","New York, NY",0,0,0
377,chief_economist,Redfin,44,"New York, NY",0,0,0
378,recruiting_coordinator,Schireson,0,"New York, NY",0,0,0
379,"associate/senior_associate,_data_scientist",KPMG,"4,491","New York, NY 10154 ",1,0,0
380,backend_developer,Fulcrum Analytics,0,"New York, NY",0,0,0
381,"gir,_equity_research,_biotechnology,_analyst/associate_-_new_york",Goldman Sachs,"1,148","New York, NY 10282 ",0,0,0
382,video_development_editor,Springer Nature,40,"New York, NY",0,0,0
383,"assistant_vice_president,_analytics_translation",Guardian Life Insurance Company,410,"New York, NY",0,1,0
384,population_health_operations_analyst,Oscar Insurance,19,"New York, NY 10012 ",0,0,0
385,hr_analyst,Natural Resources Defense Council,13,"New York, NY 10011 ",0,0,0
386,carpentry_supervisor,Albert Einstein College of Medicine,143,"Bronx, NY",0,0,0
387,analyst,Wunderman,194,"New York, NY 10017 ",0,0,0
388,facility_budget_research_analyst,Bridges and Tunnels,0,"Manhattan, NY",0,0,0
389,"associate_director,_data_&_analysis_(social_analytics)",DigitasLBi,151,"New York, NY",0,1,0
390,bioinformatician_/_postdoctoral_fellow,Weill Cornell Medicine,456,"New York, NY 10065 ",0,0,0
391,quality_control_scientist_ii,Sanofi,"2,740","Ridgefield, NJ",0,0,0
392,"evaluation_specialist/foodborne,_bureau_of_communicable_diseases",DEPT OF HEALTH/MENTAL HYGIENE,8,"Queens, NY",0,0,0
393,product_strategist,Xaxis,11,"New York, NY",0,0,0
394,lead_data_scientist,DigitasLBi,151,"New York, NY",1,0,0
395,data_scientist,Fluid Intelligence,9,"New York, NY",1,0,0
396,senior_data_engineer,PulsePoint,8,"New York, NY",0,0,1
397,junior_recruiter,Jopwell,0,"New York, NY",0,0,0
398,director,Milken Institute,0,"New York, NY",0,0,0
399,lead_data_scientist,Betterment LLC,0,"New York, NY 10013 ",1,0,0
400,"senior_associate,_customer_analytics",KPMG,"4,491","New York, NY 10154 ",0,1,0
401,data_scientist,IQ Workforce,0,"New York, NY 10119 ",1,0,0
402,quantitative_analyst,Acuris,2,"New York, NY",0,1,0
403,residency/fellowship_program_coordinator,NYU Langone Health,705,"New York, NY 10016 ",0,0,0
404,statistical_analyst,Wunderman,194,"Harrison, NY",0,0,0
405,"applied_research_scientist,_computer_vision",Facebook,366,"New York, NY",0,0,0
406,sales_development_representative,Dataiku,0,"New York, NY",0,0,0
407,big_data_architect,Thasos Group,0,"New York, NY",0,0,0
408,"director,_nlp_data_scientist",KPMG,"4,491","New York, NY 10154 ",1,0,0
409,"senior_data_scientist,_healthcare",Harnham,0,"New York, NY",1,0,0
410,entry-level_environmental_engineer,GZA,0,"New York, NY",0,0,0
411,senior_data_analyst,Newsela,8,"New York, NY",0,1,0
412,msat_scientist,"Hitachi Chemical Advanced Therapeutics Solutions, LLC (formerly PCT Cell Therapy Services, LLC)",0,"Allendale, NJ",0,0,0
413,"software_engineer,_machine_learning",Dataminr,3,"New York, NY",1,0,0
414,mgr-security,NYU Langone Health,705,"New York, NY 10016 ",0,0,0
415,data_visualization_product_manager,Bank of America,"21,942","New York, NY 10036",0,0,0
416,clin_doc_improvement_qual_analy,NYU Langone Health,705,"New York, NY 10016 ",0,0,0
417,research_analyst,King.com,0,"New York, NY",0,0,0
418,"ai_engineer_-_machine_learning_-_new_york,_us",BenevolentAI,0,"New York, NY",1,0,0
419,ux_researcher_v,ADP,"3,973","New York, NY 10011 ",0,0,0
420,research_analyst,Altice USA,"1,341","New York, NY",0,0,0
421,machine_learning_data_scientist,"Open Systems Technologies, Inc.",36,"New York, NY",1,0,0
422,quantitative_asset_modeler,TIAA,645,"New York, NY",0,0,0
423,analyst_-_team_ibm_media,GroupM,92,"New York, NY",0,0,0
424,executive_assistant_to_chair,NYU Langone Health,705,"New York, NY 10016 ",0,0,0
425,research_assistant_(multiple_positions),Montclair State University,254,"Montclair, NJ",0,0,0
426,lead_data_scientist_-_aerospace,Harnham,0,"New York, NY",1,0,0
427,machine_learning_engineer,NYP/Weill Cornell Medical Center,"1,107","New York, NY",1,0,0
428,business_intelligence_research_analyst,Group One Trading,5,"New York, NY",0,0,0
429,tech_editor,Group SJR,3,"New York, NY 10017 ",0,0,0
430,planning_associate,Mindshare,92,"New York, NY 10018 ",0,0,0
431,snr_presales_consultant_(fas),SSC,0,"New York, NY",0,0,0
432,"research_analyst,_proposals",Sotheby’s,5,"New York, NY",0,0,0
433,"senior_data_scientist,_senior_associate",New York Life Insurance Co,"1,677","New York, NY",1,0,0
434,trading_data_scientist,"Open Systems Technologies, Inc.",36,"New York, NY",1,0,0
435,secretary_ii-_langone_orthopedic_center,NYU Langone Health,705,"New York, NY 10016 ",0,0,0
436,sub,IQVIA,106,"New York, NY",0,0,0
437,data_visualization_software_engineer,KPMG,"4,491","New York, NY 10154 ",0,0,0
438,"quantitative_research_lead,_quantitative_strategies_group",Hap Capital,0,"New York, NY",0,0,0
439,client_technical_consultant,Panaseer,0,"New York, NY",0,0,0
440,"research_associate,_process_sciences_and_discovery_(new_york)",BlueRock Therapeutics,0,"New York, NY",0,0,0
441,data_science_associate_director_-_advanced_analytics,Merkle Inc.,133,"New York, NY 10013 ",0,1,0
442,data_scientist,ROKT,0,"New York, NY",1,0,0
443,senior_data_scientist,AXIS Insurance,22,"New York, NY 10036",1,0,0
444,research_analyst,TripleLift,0,"New York, NY 10016 ",0,0,0
445,"data_analyst_co-response_unit,_office_of_the_executive_deputy_commissioner",DEPT OF HEALTH/MENTAL HYGIENE,8,"New York, NY",0,1,0
446,"machine_learning_engineer,_adtech",Harnham,0,"New York, NY",1,0,0
447,senior_machine_learning_scientist,Foursquare,7,"New York, NY",1,0,0
448,administrative_coordinator,NYU Langone Health,705,"New York, NY 10016 ",0,0,0
449,data_scientist,Solomon Page,57,"New York, NY",1,0,0
450,clin_doc_compliance_specialist_(ccs_-_inpatienct_coding_experience),NYU Langone Health,705,"New York, NY 10016 ",0,0,0
451,staff_geologist,American Environmental Assessment,2,"New York, NY",0,0,0
452,"data_scientist_-_senior_consultant_-_new_york,_ny",Clarity Insights,7,"New York, NY",1,0,0
453,equity_research_analyst_-_healthcare,FBR & Co.,0,"New York, NY 10171 ",0,0,0
454,senior_data_scientist,TRANZACT,26,"Fort Lee, NJ",1,0,0
455,data_analyst,Bowery Farming,8,"New York, NY",0,1,0
456,medical_secretary,NYU Langone Health,705,"New York, NY 10016 ",0,0,0
457,"analyst_-_blockchain,_strategic_advisory_group",Wachsman,0,"New York, NY",0,0,0
458,"assistant_editor,_mathematics",Springer Nature,40,"New York, NY",0,0,0
459,"data_&_pipeline_project_leader,_simons_observatory",Simons Foundation,4,"New York, NY 10010 ",0,0,0
460,"data_governance_manager,_bureau_of_epidemiology_services",DEPT OF HEALTH/MENTAL HYGIENE,8,"Queens, NY",0,0,0
461,senior_research_staff_assistant,Columbia University,749,"New York, NY",0,0,0
462,head_of_enterprise_data_architecture,Marsh & McLennan Companies,537,"New York, NY",0,0,0
463,"program_planner_,_bureau_of_hiv/aids_prevention_and_control/hiv/aids_care_&_treatment",DEPT OF HEALTH/MENTAL HYGIENE,8,"Queens, NY",0,0,0
464,biostatistician_ii,Hospital for Special Surgery,0,"New York, NY 10021 ",1,0,0
465,"director,_senior_lead_data_scientist",S&P Global Ratings,605,"New York, NY 10041 ",1,0,0
466,pre_transplant_kidney_coordinator,NYU Langone Health,705,"New York, NY 10016 ",0,0,0
467,programmatic_specialist,Xaxis,11,"New York, NY",0,0,0
468,sr._data_engineer,Amazon.com,"25,883","New York, NY",0,0,1
469,senior_software_engineer_-_data_visualization,Gro Intelligence,0,"New York, NY 10001 ",0,0,0
470,environmental_health_and_safety_specialist_i,NYU Langone Health,705,"New York, NY 10016 ",0,0,0
471,data_scientist,Eclaro,15,"New York, NY 10036",1,0,0
472,quantitative_fixed_income_risk_analyst,OppenheimerFunds,40,"New York, NY",0,0,0
473,principal_machine_learning_data_scientist_-_cloud_platform,Capital One,"6,318","New York, NY 10261 ",1,0,0
474,gift_processing_coordinator_(nonprofit),Children's Tumor Foundation,3,"New York, NY",0,0,0
475,teaching_assistant,GA Instructor,0,"New York, NY",0,0,0
476,"senior_data_scientist_-_healthcare_analytics_&_delivery,_new_ventures",McKinsey & Company,385,"New York, NY 10022 ",1,1,0
477,research_analyst,1199SEIU Family of Funds,133,"New York, NY",0,0,0
478,gis_analyst,DEPARTMENT OF SANITATION,98,"New York, NY",0,0,0
479,color_scientist,Sun Chemical Corporation,45,"Carlstadt, NJ 07072",0,0,0
480,scheduling_optimization_engineer,New Classrooms,5,"New York, NY 10001 ",0,0,0
481,scientist_i_-_orangeburg_ny,Instrumentation Laboratory,47,"Orangeburg, NY 10962",0,0,0
482,data_architect,Businesses UNITED TECHNOLOGIES CORP. HEADQUARTERS,831,"New York, NY",0,0,0
483,operations_research_analyst,Excellent Business Consultants,0,"New York, NY",0,0,0
484,associate_scientist_-_microscopy_core_and_advanced_bioimaging_center,Mount Sinai,"1,029","New York, NY",0,0,0
485,"senior_associate,_data_scientist_(nlp/ai)",KPMG,"4,491","New York, NY 10154 ",1,0,0
486,clinical_research_coordinator,NYU Langone Health,705,"New York, NY 10016 ",0,0,0
487,machine_learning_specialist_solutions_architect,Amazon.com,"25,883","New York, NY",1,0,0
488,executive_director-_machine_learning_&_big_data,JP Morgan Chase,"20,319","Jersey City, NJ 07310 ",1,0,0
489,data_scientist_(phd)_data_curation,Analytic Recruiting,2,"New York, NY 10017 ",1,0,0
490,senior_ai_scientist,Paige.ai,0,"New York, NY",0,0,0
491,quantitative_finance_analyst,Bank of America,"21,942","New York, NY 10036",0,0,0
492,innovation_scientist_-_skin_biology,Sensient Technologies Corporation,29,"South Plainfield, NJ",0,0,0
493,senior_scientist,Population Council,23,"New York, NY",0,0,0
494,senior_research_scientist-_domestic,GUTTMACHER,0,"New York, NY",0,0,0
495,senior-inventive_scientist-_next_gen_5g,AT&T,"30,064","New York, NY",0,0,0
496,equity_research_analyst_(industrials),Cognizant,"10,123","New York, NY",0,0,0
497,"research_position_(various_levels),_neuroscience",Simons Foundation,4,"New York, NY 10010 ",0,0,0
498,statistical_programmer/data_manager_-_general_medicine,Columbia University,749,"New York, NY",0,0,0
499,environmental_scientist,"Hampton-Clarke, Inc",3,"Fairfield, NJ",0,0,0
500,senior_data_scientist_-_predictive_analytics_-_time_series,NTT DATA Services,"1,516","Parsippany, NJ",1,1,0
501,"senior_analyst,_data_&_analysis_(social_analytics)",DigitasLBi,151,"New York, NY",0,1,0
502,staff_associate,Columbia University,749,"Palisades, NY",0,0,0
503,bioinformatics_specialist,Albert Einstein College of Medicine,143,"Bronx, NY",0,0,0
504,research_analyst,Dotdash,0,"New York, NY",0,0,0
505,policy_research_analyst,The University of Chicago,368,"New York, NY",0,0,0
506,quantitative_research_analyst,Insight Health Analytics,0,"Jersey City, NJ 07310 ",0,0,0
507,"data_scientist_-_healthcare_analytics_&_delivery,_advanced_analytics",McKinsey & Company,385,"New York, NY 10022 ",1,1,0
508,"lead_data_scientist,_technology_-_new_york,_ny_or_rockville,_md",Finra,75,"New York, NY",1,0,0
509,animal_research_technician_i,NYU Langone Health,705,"New York, NY 10016 ",0,0,0
510,"associate_director,_lead_data_scientist",S&P Global,605,"New York, NY 10041 ",1,0,0
511,ccb_-_risk-fraud_data_scientist/modeler-ml-pipeline,JP Morgan Chase,"20,319","New York, NY 10001 ",1,0,0
512,quality_improvement_research_analyst_-_surgery,Mount Sinai,"1,029","New York, NY",0,0,0
513,"custom_index_analyst,_quantitative_modeling",S&P DOW JONES INDICES,605,"New York, NY 10041 ",0,0,0
514,"research_position_(various_levels),_numerical_algorithms",Simons Foundation,4,"New York, NY 10010 ",0,0,0
515,director_of_data_analytics,DEPT OF PARKS & RECREATION,7,"Manhattan, NY",0,1,0
516,data_engineer,Businesses UNITED TECHNOLOGIES CORP. HEADQUARTERS,831,"New York, NY",0,0,1
517,vp_of_engineering_-_nyc,Tremor,0,"New York, NY",0,0,0
518,"senior_associate,_data_scientist",KPMG,"4,491","New York, NY 10154 ",1,0,0
519,financial_services_associate_(inpatient),NYU Langone Health,705,"New York, NY 10016 ",0,0,0
520,options_trading_analyst,Hudson River Trading,2,"New York, NY 10005 ",0,0,0
521,operations_system_hacker,Via,12,"New York, NY",0,0,0
522,certifying_scientist,Ridgewood Diagnostic Laboratory,0,"Hackensack, NJ",0,0,0
523,international_research_analyst,Brown Brothers Harriman,165,"New York, NY",0,0,0
524,leveraged_loan_research_analyst,AXA General Insurance,723,"New York, NY",0,0,0
525,principal_data_scientist_(media),Averity,0,"New York, NY",1,0,0
526,junior_production_coordinator,BuzzFeed,30,"New York, NY",0,0,0
527,junior_copywriter,Marina Maher Communications,8,"New York, NY 10022 ",0,0,0
528,env_health_&_safety_assistant,NYU Langone Health,705,"New York, NY 10016 ",0,0,0
529,manager_-_data_scientist,ADP,"3,973","Roseland, NJ 07068",1,0,0
530,"vp,_data_science",Prudential,"2,010","Newark, NJ",0,0,0
531,machine_learning_data_scientist-equity_investment_research,Analytic Recruiting,2,"New York, NY 10017 ",1,0,0
532,data_scientist-research_analyst,Analytic Recruiting,2,"New York, NY 10017 ",1,0,0
533,env_health_&_safety_spec_i,NYU Langone Health,705,"New York, NY 10016 ",0,0,0
534,data_scientist_/_senior_strategic_analyst_(communications_&_marketing),Memorial Sloan Kettering,703,"New York, NY",1,0,0
535,fgp_sec_ii-intake/sched-radiology,NYU Langone Health,705,"New York, NY 10016 ",0,0,0
536,media_research_analyst,Spark Foundry,9,"New York, NY",0,0,0
537,"analyst,_quantitative_research",Kelton Global,0,"New York, NY",0,0,0
538,research_analyst_intern_-_blockchain,Fresh Digital Group,5,"New York, NY 10038 ",0,0,0
539,policy_and_research_analyst_interns_-_strategic_policy_unit_(3_vacancies),United Nations Development Programme (UNDP),337,"New York, NY",0,0,0
540,assistant_research_coordinator-interventionist,Weill Cornell Medicine,456,"New York, NY",0,0,0
541,statistical_analyst/data_manager_-_general_medicine,Columbia University,749,"New York, NY",0,0,0
542,senior_applied_scientist_-_amazon_ai,Amazon.com,"25,883","New York, NY",0,0,0
543,research_analyst,National CineMedia,40,"New York, NY 10168 ",0,0,0
544,research_analyst-technical,New York University,699,"New York, NY",0,0,0
545,borough_planner,DEPARTMENT OF CITY PLANNING,0,"Brooklyn, NY",0,0,0
546,machine_learning_research_scientist_-_text_analytics,Bloomberg,639,"New York, NY",1,1,0
547,bioinformatics_scientist_(statistical_genetics/genetic_epidemiology),New York Genome Center,6,"New York, NY 10013 ",0,0,0
548,"analyst_-_trading,_research",White Bay Group,0,"New York, NY",0,0,0
549,"data_manager,_bureau_of_school_health",DEPT OF HEALTH/MENTAL HYGIENE,8,"Queens, NY",0,0,0
550,"senior_analyst,_data_and_analysis",DigitasLBi,151,"New York, NY",0,0,0
551,technical_data_analyst_-_marketing,HelloFresh,208,"New York, NY",0,1,0
552,executive_assistant,NYU Langone Health,705,"New York, NY 10016 ",0,0,0
553,cvp_data_science_-_marketing,New York Life Insurance Co,"1,677","New York, NY",0,0,0
554,learning_and_development_coordinator,Persado,3,"New York, NY 10010 ",0,0,0
555,jp_morgan_chase_institute-_research_analyst_for_financial_markets,JP Morgan Chase,"20,319","New York, NY 10172 ",0,0,0
556,director_of_operational_data_science,NYP/Weill Cornell Medical Center,"1,107","New York, NY",0,0,0
557,tradeops_analyst_-_new_york,Hudson River Trading,2,"New York, NY 10005 ",0,0,0
558,scientist_i,Mondelez International,"2,210","East Hanover, NJ 07936",0,0,0
559,sales_operations_&_enablement_associate,AiCure,2,"New York, NY",0,0,0
560,quantitative_researcher,Thasos Group,0,"New York, NY",0,0,0
561,research_analyst,Milliman,84,"New York, NY 10119 ",0,0,0
562,research_analyst,The Expert Institute,0,"New York, NY",0,0,0
563,senior_data_engineer,Esha IT,0,"New York, NY",0,0,1
564,community_manager_+_editor,Le CultureClub,0,"New York, NY 10013 ",0,0,0
565,fgp_sec_ii-intake/sched-_center_for_men's_health,NYU Langone Health,0,"New York, NY 10016 ",0,0,0
566,mtc_technical_architect_-_data_&_ai,Microsoft,"4,611","New York, NY",0,0,0
567,software_engineer_-_data,Candid Co.,0,"New York, NY",0,0,0
568,histotechnician_-_ihc,HistoWiz,2,"New York, NY",0,0,0
569,analyst_-_coinlist_capital,Coinlist,0,"New York, NY",0,0,0
570,electronic_trader,AllianceBernstein,61,"New York, NY",0,0,0
571,epic_him_analyst,NYU Langone Health,705,"New York, NY 10016 ",0,0,0
572,environmental_compliance_specialist,DEPARTMENT OF TRANSPORTATION,896,"Manhattan, NY",0,0,0
573,research_associate,GUTTMACHER,0,"New York, NY",0,0,0
574,policy_and_operations_research_|_analyst,OFFICE OF MANAGEMENT & BUDGET,7,"Manhattan, NY",0,0,0
575,backend_data_engineer,Tier1 IT,0,"New York, NY",0,0,1
576,prospect_research_analyst,ACLU,70,"New York, NY",0,0,0
577,"lead_data_scientist,_hedge_fund",Harnham,0,"New York, NY",1,0,0
578,"sr_business_analyst,_reporting_&_data_analysis_(remote_new_york)",Allianz Global Corporate & Specialty,458,"New York, NY",0,0,0
579,cib_data_analytics_-_machine_learning_program_execution_associate,JP Morgan Chase,"20,319","New York, NY 10179 ",1,1,0
580,biotechnology_research_analyst,Tang Capital Management,0,"New York, NY 10011 ",0,0,0
581,"director,_data_scientist",KPMG,"4,491","New York, NY 10154 ",1,0,0
582,bcg_platinion_|_maya_design_human_scientist,The Boston Consulting Group,198,"New York, NY 10022 ",0,0,0
583,ai_research_scientist,"Two Sigma Investments, LLC.",7,"New York, NY",0,0,0
584,research_analyst,Vera Institute of Justice,4,"New York, NY",0,0,0
585,office_manager,Correlation One,0,"New York, NY",0,0,0
586,program_assistant,Natural Resources Defense Council,13,"New York, NY 10011 ",0,0,0
587,big_data_architect,Scienaptic Systems Inc,0,"New York, NY",0,0,0
588,"senior_data_scientist,_ad-tech",Dailymotion,10,"New York, NY",1,0,0
589,data_scientist_-_actuarial_and_product_analytics,New York Life Insurance Co,"1,677","New York, NY",1,1,0
590,data_engineer,Verisk Maplecroft,0,"Jersey City, NJ",0,0,1
591,research_analyst_ii,Research Foundation of The City University of New York,70,"New York, NY",0,0,0
592,data_engineer,Weight Watchers International,332,"New York, NY",0,0,1
593,machine_learning_engineer,Memorial Sloan Kettering,703,"New York, NY",1,0,0
594,"nyc_restaurant_product_data_analyst_ii,_uet",Uber,492,"New York, NY 10001 ",0,1,0
595,"manager,_data_scientist",KPMG,"4,491","New York, NY 10154 ",1,0,0
596,"software_engineer,_machine_learning",Google,"2,473","New York, NY 10011 ",1,0,0
597,research_analyst,Nielsen,"1,918","New York, NY 10003 ",0,0,0
598,ogiq_research_analyst,Options Group,17,"New York, NY 10003 ",0,0,0
599,epic_clindoc_analyst,NYU Langone Health,705,"New York, NY 10016 ",0,0,0
600,machine_learning_engineer,SKA,6,"New York, NY",1,0,0
601,pathology_case_coordinator,NYU Langone Health,705,"New York, NY 10016 ",0,0,0
602,jr._graph_data_analyst_-_corporate_-_crm_&_analytics,"Jefferies & Company, Inc.",115,"New York, NY",0,1,0
603,program_director,NYU Langone Health,705,"New York, NY 10016 ",0,0,0
604,data_science_bell_labs_fall_coop,NOKIA,"3,372","Murray Hill, NJ",0,0,0
605,data_engineer,Lancer Insurance Company,0,"Long Beach, NY 11561",0,0,1
606,data_scientist_/_lead_quantitative_analyst,Guidepoint Global,13,"New York, NY 10017 ",1,1,0
607,machine_learning_engineer,Foursquare,7,"New York, NY",1,0,0
608,developer_ii-information_mgt,NYU Langone Health,705,"New York, NY 10016 ",0,0,0
609,programmer_analyst,Weill Cornell Medicine,456,"New York, NY",0,0,0
610,epic_cupid_analyst,NYU Langone Health,705,"New York, NY 10016 ",0,0,0
611,epic_mychart_analyst,NYU Langone Health,705,"New York, NY 10016 ",0,0,0
612,head_of_bioinformatics,Basepair,0,"New York, NY",0,0,0
613,graph_engineer_ontologist,DataAxxis,0,"New York, NY 10016 ",0,0,0
614,"information_systems_and_quality_analyst,_bureau_of_hiv/aids_prevention_and_control/hiv/aids_care_&_treatment",DEPT OF HEALTH/MENTAL HYGIENE,8,"Queens, NY",0,0,0
615,quantitative_analyst,First Republic Bank,124,"New York, NY",0,1,0
616,"director,_cognitive_data_scientist_natural_language_processing",KPMG,"4,491","New York, NY 10154 ",1,0,0
617,habilitation_counselor,Rutgers University,586,"Newark, NJ",0,0,0
618,research_analyst,NRT New York LLC,0,"New York, NY",0,0,0
619,quantitative_analyst,Crédit Agricole CIB,"1,293","New York, NY",0,1,0
620,research_analyst,Rutgers University,586,"Newark, NJ",0,0,0
621,child_life_specialist-per_diem,NYU Langone Health,705,"New York, NY 10016 ",0,0,0
622,research_analyst,CBS Television Network,20,"New York, NY 10176 ",0,0,0
623,fgp_pacemaker/icd_technician-_(arrhythmia/device_technician),NYU Langone Health,705,"New York, NY 10016 ",0,0,0
624,data_science_analyst_iii_-_population_health_-_mount_sinai_health_partners,Mount Sinai,"1,029","New York, NY",0,0,0
625,child_welfare_analyst,ADMIN FOR CHILDREN'S SVCS,159,"Manhattan, NY",0,0,0
626,senior_data_scientist,Bayer,"2,409","Whippany, NJ",1,0,0
627,environmental_scientist_/_geologist_/_engineer,Wood,899,"Jersey City, NJ",0,0,0
628,publicist_(new_york),BuzzFeed,30,"New York, NY",0,0,0
629,data_scientist_–_cib_chief_data_science_office_-_associate,JP Morgan Chase,"20,319","New York, NY 10179 ",1,0,0
630,data_scientist_-_forecasting,Kavyos Consulting Inc,0,"Union, NJ",1,0,0
631,research_scientist,"Two Sigma Investments, LLC.",7,"New York, NY",0,0,0
632,study_coordinator,Albert Einstein College of Medicine,143,"Bronx, NY",0,0,0
633,cafe_recruiter,Blue Bottle Coffee,10,"Brooklyn, NY 11249 ",0,0,0
634,ecommerce_analytics_director/data_scientist,UNTUCKit,9,"New York, NY",1,1,0
635,"manager,_data_science",Squarespace,19,"New York, NY 10014 ",0,0,0
636,data_science_lead,Bread Finance,0,"New York, NY",0,0,0
637,data_engineer,S&P GLOBAL MARKET INTELLIGENCE,605,"New York, NY 10041 ",0,0,1
638,policy_analyst,Natural Resources Defense Council,13,"New York, NY 10011 ",0,0,0
639,spvr-inventory_control,NYU Langone Health,705,"New York, NY 10016 ",0,0,0
640,manager_-_cognitive_data_scientist_natural_language_processing,KPMG,"4,491","New York, NY 10154 ",1,0,0
641,"nyc_marketplace_intelligence_and_logistics_product_data_analyst,_uet",Uber,492,"New York, NY 10001 ",0,1,0
642,"data_engineer,_various_data_engineering_teams",The New York Times,197,"New York, NY",0,0,1
643,administrative_assistant,NYU Langone Health,705,"New York, NY 10016 ",0,0,0
644,"fall_2018_undergraduate/graduate_internship,_analytics_department,_ny",ACLU,70,"New York, NY",0,1,0
645,fraud_analytics_hacker,Via,12,"New York, NY",0,1,0
646,research_analyst,Insight Strategy Group,0,"New York, NY 10010 ",0,0,0
647,business_analyst,Bonobos,15,"New York, NY",0,0,0
648,clinical_scientist,Molecular Templates Inc,0,"Jersey City, NJ 07311 ",0,0,0
649,lead_data_scientist_-_customer_analytics,New York Life Insurance Co,"1,677","New York, NY",1,1,0
650,aviation_consultant_(entry_level),ICF,391,"New York, NY",0,0,0
651,gsam_technology_-_data_science_and_machine_learning_engineer,Goldman Sachs,"1,148","New York, NY 10282 ",1,0,0
652,"product_manager,_data_science_curriculum",DataCamp,0,"New York, NY",0,0,0
653,research_informatics_business_analyst,Mount Sinai Health System,"1,029","New York, NY 10019 ",0,0,0
654,"nyc_enterprise_product_data_analyst,_uet",Uber,492,"New York, NY 10001 ",0,1,0
655,media_facilities_specialist,NYU Langone Health,705,"New York, NY 10016 ",0,0,0
656,"development_associate,_donor_systems_-_data_management",Natural Resources Defense Council,13,"New York, NY 10011 ",0,0,0
657,associate_scientist_-_department_of_neurosciences,Mount Sinai,"1,029","New York, NY",0,0,0
658,research_scientist,Northwell Health,816,"Manhasset, NY 11030",0,0,0
659,environmental_remediation_scientist,PS&S,3,"Yonkers, NY 10701",0,0,0
660,senior_data_scientist_-_revenue_optimization,WeWork Global Technology,0,"New York, NY",1,0,0
661,him_coding_specialist_i,NYU Langone Health,705,"New York, NY 10016 ",0,0,0
662,research_coordinator,Weill Cornell Medicine,456,"New York, NY",0,0,0
663,sick_of_rentals?,Empyreal Realty,0,"Brooklyn, NY 11216 ",0,0,0
664,python_developer_(data),Explore Group Inc,0,"New York, NY",0,0,0
665,data_engineer,"Amplify Education, Inc.",5,"Brooklyn, NY",0,0,1
666,senior_scientist_-_department_of_neurosciences,Mount Sinai,"1,029","New York, NY",0,0,0
667,policy_and_operstions_research_|_analyst,OFFICE OF MANAGEMENT & BUDGET,7,"Manhattan, NY",0,0,0
668,machine_learning/nlp_engineer,Alpha,83,"Manhattan, NY",1,0,0
669,research_associate,Oscar Insurance,19,"New York, NY 10012 ",0,0,0
670,project_delivery_analyst,DEPARTMENT OF TRANSPORTATION,896,"Manhattan, NY",0,0,0
671,research_analyst,Townsquare Media,152,"New York, NY",0,0,0
672,"instructor_recruiter,_data_science",DataCamp,0,"New York, NY",0,0,0
673,data_marketing_intern,Feedvisor,0,"New York, NY",0,0,0
674,research_scientist_(multiple_postions),Montclair State University,254,"Montclair, NJ",0,0,0
675,"research_analyst,_csc",Vera Institute of Justice,4,"New York, NY 10279 ",0,0,0
676,data_reporting_developer_(python)_-_accounting,Hudson River Trading,2,"New York, NY 10005 ",0,0,0
677,associate_-_rider_growth,Via,12,"New York, NY",0,0,0
678,data_science_translator_-_tmt_sector,McKinsey & Company,385,"New York, NY 10022 ",0,0,0
679,decision_scientist,Smith Hanley Associates,18,"New York, NY",0,0,0
680,python_developer_(data_platform),Explore Group Inc,0,"New York, NY",0,0,0
681,"scientist/sr._process_sciences_and_discovery,_(new_york)",BlueRock Therapeutics,0,"New York, NY",0,0,0
682,"hbo_director,_data_science",HBO,108,"New York, NY",0,0,0
683,financial_analyst,NYU Langone Health,705,"New York, NY 10016 ",0,0,0
684,fgp_reimbursement_analyst,NYU Langone Health,705,"New York, NY 10016 ",0,0,0
685,"fall_2018_undergraduate_internship,_analytics_department,_ny",ACLU,70,"New York, NY",0,1,0
686,special_events_coordinator,Weill Cornell Medicine,456,"New York, NY",0,0,0
687,data_scientist.,Lorven Technologies,0,"New York, NY",1,0,0
688,sr._data_scientist_-_search_relevance_&_ranking,Grubhub,262,"New York, NY",1,0,0
689,field_application_scientist,Nexcelom Bioscience,0,"New York, NY",0,0,0
690,data_scientist,Analytic Recruiting,2,"New York, NY 10017 ",1,0,0
691,research_assistant_i,GUTTMACHER,0,"New York, NY",0,0,0
692,associate_research_scientist_(oncology),NYU Langone Health,705,"New York, NY 10016 ",0,0,0
693,machine_learning_engineer,PulsePoint,8,"New York, NY",1,0,0
694,rental_masters_needed,Empyreal Realty,0,"Brooklyn, NY 11216 ",0,0,0
695,data_scientist,"TekPartners, A P2P Company",42,"New York, NY",1,0,0
696,analytics_data_specialist-revenue_product_insights,Spotify,33,"New York, NY 10011 ",0,0,0
697,"research_analyst,_cca",Simons Foundation,4,"New York, NY 10010 ",0,0,0
698,science_writer,International AIDS Vaccine Initiative,2,"New York, NY 10004 ",0,0,0
699,senior_assessment_data_analyst,DEPARTMENT OF FINANCE,108,"Manhattan, NY",0,1,0
700,assistant_research_scientist,New York University,699,"New York, NY",0,0,0
701,family_resource_assistant,NYU Langone Health,705,"New York, NY 10016 ",0,0,0
702,data_analysis_lead,Motivate International Inc.,0,"Brooklyn, NY",0,0,0
703,"data_engineer,_in_our_backyards_campaign",Vera Institute of Justice,4,"New York, NY 10279 ",0,0,1
704,water_quality_analyst,DEPT OF ENVIRONMENT PROTECTION,65,"New York, NY",0,0,0
705,research_analyst,Showtime,15,"New York, NY 10176 ",0,0,0
706,research_associate_in_vivo_sciences_(new_york),BlueRock Therapeutics,0,"New York, NY",0,0,0
707,"data_governance_coordinator,_bureau_of_hiv/aids_prevention_and_control_-administration",DEPT OF HEALTH/MENTAL HYGIENE,8,"Queens, NY",0,0,0
708,"senior_data_scientist,_bureau_of_primary_care_access_and_planning",DEPT OF HEALTH/MENTAL HYGIENE,8,"Queens, NY",1,0,0
709,data_scientist,"The Hagan-Ricci Group, Inc.",0,"New York, NY",1,0,0
710,data_architect,Movable Ink,4,"New York, NY",0,0,0
711,research_analyst,The New School,111,"New York, NY",0,0,0
712,data_analysis_manager,HOUSING PRESERVATION & DVLPMNT,84,"New York, NY",0,0,0
713,quantitative_analyst,KOCH SUPPLY AND TRADING,5,"New York, NY 10065 ",0,1,0
714,machine_learning_research_scientist_-_pattern_recognition,Bloomberg,639,"New York, NY",1,0,0
715,biostatistician,NYU Langone Health,705,"New York, NY 10016 ",1,0,0
716,data_engineer,Hospital for Special Surgery,269,"New York, NY",0,0,1
717,"consultancy:_urban_planning,_psn_section,_drp_-_nyhq,_requisition_#514770",UNICEF,441,"New York, NY",0,0,0
718,research_scientist,Oath Inc,5,"New York, NY",0,0,0
719,senior_data_analyst,Candid Co.,0,"New York, NY",0,1,0
720,subways_operations_analyst,New York City Transit,752,"Manhattan, NY",0,0,0
721,"statistical_analyst,_choice",VISITING NURSE SERVICE OF NEW YORK,210,"Manhattan, NY",0,0,0
722,"data_analyst,_bureau_of_hiv/aids_prevention_and_control/hiv/aids_prevention",DEPT OF HEALTH/MENTAL HYGIENE,8,"Queens, NY",0,1,0
723,nlp_scientist,Ipsos North America,333,"New York, NY",0,0,0
724,assistant_research_scientist_(pt),New York University,699,"New York, NY",0,0,0
725,project_assistant_i/ii,NYU Langone Health,705,"New York, NY 10016 ",0,0,0
726,research_analyst,Westwood One,25,"New York, NY",0,0,0
727,marketing_data_analyst,Via,12,"New York, NY",0,1,0
728,analyst_new_york_research,Cushman & Wakefield,400,"New York, NY",0,0,0
729,"hcm,_organizational_research_–_associate_–_new_york",Goldman Sachs,"1,148","New York, NY 10282 ",0,0,0
730,senior_data_analyst,NYU Langone Health,705,"New York, NY 10016 ",0,1,0
731,"quantitative_data_engineer,_modeling_team",Applecart,0,"New York, NY",0,0,1
732,cyber_security_data_scientist,Darwin Recruitment,5,"Manhattan, NY",1,0,0
733,departmental_secretary,NYU Langone Health,705,"New York, NY 10016 ",0,0,0
734,associate_research_coordinator,NYU Langone Health,705,"New York, NY 10016 ",0,0,0
735,supplier_diversity_and_data_analysis_associate,New York Life Insurance Co,"1,677","New York, NY",0,0,0
736,research_analyst,Service Employees International Union,2,"New York, NY 10036",0,0,0
737,data_scientist,Diverse Lynx,82,"New York, NY",1,0,0
738,data_analytics_embedded_developer,JP Morgan Chase,"20,319","New York, NY 10001 ",0,1,0
739,data_engineer,Freshly,7,"New York, NY",0,0,1
740,"vp,_data_science",7Park Data,0,"New York, NY",0,0,0
741,"data_manager,_viral_hepatitis,_bureau_of_communicable_diseases",DEPT OF HEALTH/MENTAL HYGIENE,8,"Queens, NY",0,0,0
742,data_intelligence_-_research_&_development_engineer,Goldman Sachs,"1,148","New York, NY 10282 ",0,0,0
743,data_engineer,Beeswax,0,"New York, NY",0,0,1
744,"senior_associate,_data_scientist",Capital One,"6,318","New York, NY 10261 ",1,0,0
745,data_analyst_/_engineer,7Park Data,0,"New York, NY",0,1,0
746,data_visualization_engineer,Simons Foundation,4,"New York, NY 10010 ",0,0,0
747,"associate_research_scientist,_machine_learning_&_statistics,_cca",Simons Foundation,4,"New York, NY 10010 ",1,0,0
748,statistical_analyst,VISITING NURSE SERVICE OF NEW YORK,210,"Manhattan, NY",0,0,0
749,"applied_research_scientist,_core_machine_learning",Facebook,366,"New York, NY",1,0,0
750,"sr._data_scientist,_audience_science",Viacom,459,"New York, NY",1,0,0
751,student_research_intern_-_cardiac_arrest_research,NYU Langone Health,705,"New York, NY 10016 ",0,0,0
752,talent_acquisition_associate_-_sales,Via,12,"New York, NY",0,0,0
753,research_scientist,Blockstack,0,"New York, NY",0,0,0
754,"analyst,_data_&_analysis",DigitasLBi,151,"New York, NY",0,0,0
755,chief_data_scientist,IJC Associates,0,"New York, NY",1,0,0
756,data_engineer,Integral Ad Science,5,"New York, NY 10003 ",0,0,1
757,portfolio_scientist,Seaport Global Holdings LLC,0,"New York, NY",0,0,0
758,scientist,"Quentis Therapeutics, Inc",0,"New York, NY",0,0,0
759,principal_data_scientist,Sartorius Corporation,3,"New York, NY",1,0,0
760,trading_research_quant,Bloomberg,639,"New York, NY",0,0,0
761,"analyst,_data_&_analytics",Casper,33,"New York, NY",0,1,0
762,parentcorps_educator,NYU Langone Health,705,"New York, NY 10016 ",0,0,0
763,research_scientist_(ai),Facebook,366,"New York, NY",0,0,0
764,aso/_vp-_junior_research_analyst,Bank of America,"21,942","New York, NY 10036",0,0,0
765,statistician,Koneksa Health,0,"New York, NY",1,0,0
766,principal_data_scientist,Sartorius,16,"New York, NY",1,0,0
767,data_scientist,S.C. International,0,"New York, NY",1,0,0
768,data_analyst,Source One,98,"New York, NY 10001 ",0,1,0
769,"research_scientist,_cca",Simons Foundation,4,"New York, NY 10010 ",0,0,0
770,machine_learning_research_scientist,Butterfly Network,0,"New York, NY",1,0,0
771,"research_analyst,_r29_intelligence",Refinery29,12,"New York, NY 10013 ",0,0,0
772,senior_research_scientist,Amazon.com,"25,883","New York, NY",0,0,0
773,senior_data_scientist,Reorg Research,0,"New York, NY",1,0,0
774,fgp_sec_i-intake/sched_(35),NYU Langone Health,705,"New York, NY 10016 ",0,0,0
775,"research_scientist,_machine_learning_(phd_university_grad)",Facebook,366,"New York, NY",1,0,0
776,data_engineer,Insticator Inc,0,"New York, NY 10018 ",0,0,1
777,research_scientist,EcoHealth Alliance,0,"Manhattan, NY",0,0,0
778,senior_data_scientist,Getty Images,92,"New York, NY",1,0,0
779,data_scientist_(online_media),Averity,0,"New York, NY",1,0,0
780,"senior_data_scientist,_evaluations",Quartet,4,"New York, NY 10018 ",1,0,0
781,data_scientist_-_marketing_-_new_york,Big Cloud,0,"New York, NY",1,0,0
782,data_scientist,"Open Systems Technologies, Inc.",36,"New York, NY",1,0,0
783,investment_data_analyst,Balyasny,5,"New York, NY",0,1,0
784,researcher_and_quantitative_analyst,Drug Policy Alliance,6,"New York, NY 10001 ",0,1,0
785,sr._applied_scientist,Amazon.com,"25,883","New York, NY",0,0,0
786,cib_chief_data_science_office-data_scientist_–_vp_-_new_york,JP Morgan Chase,"20,319","New York, NY 10179 ",1,0,0
787,senior_data_scientist,DigitasLBi,151,"New York, NY",1,0,0
788,admitting_representative,NYU Langone Health,705,"New York, NY 10016 ",0,0,0
789,senior_data_scientist_(2018035),Annalect,7,"New York, NY",1,0,0
790,data_engineer,KDR recruitment,0,"New York, NY",0,0,1
791,data_science_engineer,TMP Worldwide,107,"New York, NY",0,0,1
792,"research_scientist,_genomics",Simons Foundation,4,"New York, NY 10010 ",0,0,0
793,postdoctoral_research_scientist,Columbia University,749,"New York, NY",0,0,0
794,research_coordinator,NYU Langone Health,705,"New York, NY 10016 ",0,0,0
795,senior_data_scientist,Weight Watchers International,332,"New York, NY",1,0,0
796,data_research_analyst,Northwell Health,816,"New Hyde Park, NY 11040",0,0,0
797,machine_learning,Twitter,56,"New York, NY",1,0,0
798,"fulfillment_data_specialist,_bureau_of_alcohol_and_drug_use_prevention,_care,_and_treatment",DEPT OF HEALTH/MENTAL HYGIENE,8,"Queens, NY",0,0,0
799,administrative_assistant,Columbia University,749,"New York, NY",0,0,0
800,"vp,_data_science",AppNexus,9,"New York, NY 10010 ",0,0,0
801,senior_quantitative_scientist,Gro Intelligence,0,"New York, NY 10001 ",0,0,0
802,"associate_research_scientist,_cca",Simons Foundation,4,"New York, NY 10010 ",0,0,0
803,machine_learning_engineer,IBM,"22,249","New York, NY 10002 ",1,0,0
804,associate_scientist,New York Genome Center,6,"New York, NY 10013 ",0,0,0
805,diversity_&_inclusion_data_analyst,FIRE DEPARTMENT,0,"Brooklyn, NY",0,1,0
806,digital_data_scientist_-_marketing_analyst,The Children's Place,"2,828","Secaucus, NJ",1,0,0
807,"data_analyst_ii,_oncological_sciences",Mount Sinai,"1,029","New York, NY",0,1,0
808,quantitative_investment_analyst,New Amsterdam Partners LLC,0,"New York, NY 10016 ",0,0,0
809,research_scientist,Columbia University,749,"Palisades, NY",0,0,0
810,"manager,_data_science_&_analytics:_bloomingdale's_new_york,_ny",Bloomingdale's,"1,546","New York, NY",0,1,0
811,geologist,DEPT OF ENVIRONMENT PROTECTION,65,"Manhattan, NY",0,0,0
812,basic_scientist,Rutgers University,586,"Newark, NJ",0,0,0
813,deep_learning_scientist,AIG,"2,611","New York, NY",0,0,0
814,technology_operation_intelligence_analyst,Medidata Solutions,33,"New York, NY 10003 ",0,0,0
815,"staff_engineer,_data",Harry's,12,"New York, NY",0,0,0
816,senior_data_scientist_(financial_services),Ayasdi,0,"New York, NY",1,0,0
817,secretary_i,NYU Langone Health,705,"New York, NY 10016 ",0,0,0
818,"associate_program_officer,_crohn’s_disease",The Helmsley Charitable Trust,0,"New York, NY",0,0,0
819,sr._data_scientist,Bed Bath & Beyond,"4,677","Union, NJ",1,0,0
820,research_coordinator_-_addictive_disorders,NYU Langone Health,705,"New York, NY 10016 ",0,0,0
821,tumblr:_sr._data_scientist_(analytics),Oath Inc,5,"New York, NY",1,0,0
822,marketing_and_welcome_desk_associate,Civic Hall,3,"New York, NY",0,0,0
823,data_&_ai_architect,Microsoft,"4,611","New York, NY",0,0,0
824,personal_financial_management_-_chief_data_scientist_-_vice_president_-_new_york_city,Goldman Sachs,"1,148","New York, NY 10282 ",1,0,0
825,data_scientist_-_technology,Averity,0,"New York, NY",1,0,0
826,python_data_engineer,SRS Investment Management,0,"New York, NY 10036",0,0,1
827,data_scientist_–_cib_chief_data_science_office_-_vp,JP Morgan Chase,"20,319","New York, NY 10179 ",1,0,0
828,"research_analyst_&_survey_coordinator,_world_trade_center_health_registry",DEPT OF HEALTH/MENTAL HYGIENE,8,"Manhattan, NY",0,0,0
829,data_scientist_-_hedge_fund,Averity,0,"New York, NY",1,0,0
830,data_scientist_for_technology_start-up,Averity,0,"New York, NY",1,0,0
831,senior_research_data_scientist,NIKE INC,"6,054","New York, NY",1,0,0
832,data_scientist_-_global_research_&_data_analytics_-_vp,JP Morgan Chase,"20,319","New York, NY 10179 ",1,1,0
833,researcher,DEPT OF HEALTH/MENTAL HYGIENE,8,"Manhattan, NY",0,0,0
834,senior_data_scientist,Farfetch,0,"New York, NY",1,0,0
835,data_reporting_analyst,ACLU,70,"New York, NY",0,0,0
836,sr._data_scientist,fractalanalytics,0,"Jersey City, NJ",1,0,0
837,data_scientist_/_signal_researcher,"The Hagan-Ricci Group, Inc.",0,"New York, NY",1,0,0
838,"fall_2018_internship,_data_science_practica_(new_york,_ny)",NBCUniversal,"1,744","New York, NY",0,0,0
839,data_analyst_-_cardiology,Columbia University,749,"New York, NY",0,1,0
840,data_engineer,Gallup,140,"New York, NY",0,0,1
841,sr._data_scientist,Fractal Analytics,22,"Jersey City, NJ",1,0,0
842,quantum_computing_scientist,JP Morgan Chase,"20,319","New York, NY 10001 ",0,0,0
843,staff_research_scientist,Foursquare,7,"New York, NY",0,0,0
844,senior_data_scientist_(sales_&_restaurant_network),Slice,6,"New York, NY",1,0,0
845,vice_president_of_data_&_analytics,BARK,0,"New York, NY",0,1,0
846,data_research_and_acceleration_analyst,"Two Sigma Investments, LLC.",7,"New York, NY",0,0,0
847,short_term_casual_-_computational_technology,Columbia University,749,"New York, NY",0,0,0
848,program_associate,NYU Langone Health,705,"New York, NY 10016 ",0,0,0
849,data_scientist_senior,Brown Brothers Harriman,165,"New York, NY",1,0,0
850,lead_data_scientist,Nautilus Labs,0,"New York, NY",1,0,0
851,"vp,_data_science",Freestar,2,"New York, NY",0,0,0
852,credentials_associate,NYU Langone Health,705,"New York, NY 10016 ",0,0,0
853,senior_data_scientist,Bluecore,3,"New York, NY 10002 ",1,0,0
854,city_research_scientist-_risk,FIRE DEPARTMENT,0,"Brooklyn, NY",0,0,0
855,crypto_engineer_–roar_data,JP Morgan Chase,"20,319","New York, NY 10179 ",0,0,0
856,vice_president/_assistant_vice_president_-_machine_learning_specialist_(data_scientist),BNP Paribas,"2,166","New York, NY",1,0,0
857,associate_scientist,International Flavors and Fragrances,105,"New York, NY 10019 ",0,0,0
858,visiting_scientist_(ai),Facebook,366,"New York, NY",0,0,0
859,research_data_analyst,JLL,"1,785","New York, NY",0,1,0
860,senior_data_scientist_&_machine_learning_engineer,IBM,"22,249","New York, NY 10002 ",1,0,0
861,senior_data_scientist,S&P Global,605,"New York, NY 10041 ",1,0,0
862,senior_data_scientist,Prudential,"2,010","Newark, NJ",1,0,0
863,data_analyst,WeWork Global Technology,0,"New York, NY",0,1,0
864,senior_data_scientist,New York Life Insurance Co,"1,677","New York, NY",1,0,0
865,"analyst,_data_and_analysis",DigitasLBi,151,"New York, NY",0,0,0
866,"analyst,_data_&_analysis_(social_analytics)",DigitasLBi,151,"New York, NY",0,1,0
867,"machine_learning_engineer,_data_science",2U,28,"Brooklyn, NY",1,0,0
868,"environmental_scientist,_bureau_of_environmental_surveillance_and_policy",DEPT OF HEALTH/MENTAL HYGIENE,8,"Manhattan, NY",0,0,0
869,sr._data_scientist,Memorial Sloan Kettering,703,"New York, NY",1,0,0
870,data_research_analyst,Adaptive Management,2,"New York, NY",0,0,0
871,data_engineer,DEPT OF INFO TECH & TELECOMM,31,"Manhattan, NY",0,0,1
872,data_scientist_-_site_reliability_engineering,BlackRock,335,"New York, NY 10055 ",1,0,0
873,data_analyst,Schireson,0,"New York, NY",0,1,0
874,senior_data_scientist,Tremor Video DSP,2,"New York, NY",1,0,0
875,data_scientist,Engage Partners,16,"New York, NY",1,0,0
876,lead_data_scientist,Aetna,"3,371","New York, NY 10016 ",1,0,0
877,data_scientist-_enterprise_product_analytics,App Info,0,"New York, NY",1,1,0
878,image_scientist,OPCOM,0,"New York, NY",0,0,0
879,ops_research_engineer/data_scientist,Memorial Sloan Kettering,703,"New York, NY",1,0,0
880,ecommerce_data_science_&_machine_learning_specialist,PepsiCo,"10,001","New York, NY",1,0,0
881,data_engineer_python_&_spark,Mount Sinai Health System,"1,029","New York, NY 10019 ",0,0,1
882,senior_data_scientist,Socure,0,"New York, NY",1,0,0
883,data_scientist_iot-sha000706,Pall,304,"Port Washington, NY 11050",1,0,0
884,strategic_relationship_management_data_associate,Environmental Defense Fund,29,"New York, NY 10010 ",0,0,0
885,behavioral_scientist,Ipsos North America,333,"New York, NY",0,0,0
886,research_scientist_1_/_eoa#_2018-37,"People With Developmental Disabilities, Office for",64,"Staten Island, NY",0,0,0
887,sr_data_scientist,Aetna,"3,371","New York, NY 10016 ",1,0,0
888,data_scientist,Smith Hanley Associates,18,"New York, NY",1,0,0
889,junior_data_analyst,Metro-Goldwyn-Mayer Studios,0,"New York, NY",0,1,0
890,"research_scientist,_podcast_(nlu/nlp)",Spotify,33,"New York, NY 10011 ",0,0,0
891,data_visualization_engineer,LearnVest,0,"New York, NY",0,0,0
892,city_research_scientist_1,DEPT OF ENVIRONMENT PROTECTION,65,"Queens, NY",0,0,0
893,data_scientist_-_adtech,Averity,0,"New York, NY",1,0,0
894,"quantitative_analysis,_full_time_analyst_(north_america_-_2019)",Citi,"14,088","New York, NY 10261 ",0,0,0
895,"research_data_associate_*must_speak_cantonese,_mandarin,_french,_haitian_creole_or_yiddish",NYU Langone Health,705,"New York, NY 10016 ",0,0,0
896,data_engineer,Columbia University,749,"New York, NY",0,0,1
897,computer_vision_data_scientist,Getty Images,92,"New York, NY",1,0,0
898,senior_data_scientist,"Apex Staffing, Inc.",0,"New York, NY",1,0,0
899,data_analyst,Dashlane,0,"New York, NY 10010 ",0,1,0
900,data_analyst/modeler,DEPARTMENT OF FINANCE,108,"Manhattan, NY",0,1,0
901,machine_learning_&_genomics_scientist_(startup_designing_novel_antivirals),Autonomous Therapeutics,0,"New York, NY 10016 ",1,0,0
902,data_scientist,Dun & Bradstreet,150,"Short Hills, NJ",1,0,0
903,principal_data_scientist,Aetna,"3,371","New York, NY 10016 ",1,0,0
904,data_analyst,"Starry, Inc.",0,"New York, NY",0,1,0
905,big_data_entry_level_training_and_hiring,aven pharma & tech llc,0,"Jersey City, NJ",0,0,0
906,data_scientist,Networkers,13,"New York, NY",1,0,0
907,research_analyst,CONSUMER AFFAIRS,10,"Manhattan, NY",0,0,0
908,senior_data_scientist,VTS3,0,"New York, NY 10003 ",1,0,0
909,associate_research_scientist,Columbia University,749,"Manhattanville, NY",0,0,0
910,research_analyst,Insider Inc.,0,"New York, NY 10006 ",0,0,0
911,vp_of_data_science,Boxed,12,"New York, NY",0,0,0
912,data_scientist_-_global_research_&_data_analytics_-_associate,JP Morgan Chase,"20,319","New York, NY 10179 ",1,1,0
913,property_casualty_data_scientist_predictive_modeler_#81886,Ezra Penland Actuarial Recruitment,0,"New York, NY",1,0,0
914,principal_machine_learning_data_scientist_-_natural_language_processing,Capital One,"6,318","New York, NY 10261 ",1,0,0
915,research_scientist,New York University,699,"New York, NY",0,0,0
916,lead_data_scientist,Match,178,"New York, NY",1,0,0
917,"research_scientist,_google_brain_(united_states)",Google,"2,473","New York, NY 10011 ",0,0,0
918,"data_and_machine_learning_technical_trainer,_google_cloud_platform",Google,"2,473","New York, NY 10011 ",1,0,0
919,data_scientist,BMW North America,"1,958","Woodcliff Lake, NJ",1,0,0
920,"drug_discovery_scientist_-_new_york,_usa",BenevolentAI,0,"New York, NY",0,0,0
921,data_scientist,Stacey Kostue Consulting,0,"New York, NY",1,0,0
922,senior_data_scientist,TrueFacet,0,"New York, NY 10018 ",1,0,0
923,sr._data_scientist,Pivotal Software,16,"New York, NY 10017 ",1,0,0
924,lead_data_scientist,Verisk Analytics,94,"Jersey City, NJ",1,0,0
925,quantitative_data_analyst,Flatiron Health,9,"New York, NY",0,1,0
926,risk_&_underwriting_data_scientist,New York Life Insurance Co,"1,677","New York, NY",1,0,0
927,research_scientist,"East River BioSolutions, Inc.",0,"Brooklyn, NY",0,0,0
928,junior_research_scientist,New York University,699,"New York, NY",0,0,0
929,"emergency_preparedness_data_scientist,_bureau_of_environmental_surveillance_and_policy",DEPT OF HEALTH/MENTAL HYGIENE,8,"Manhattan, NY",1,0,0
930,data_&_research_analyst,Columbia University,749,"New York, NY",0,0,0
931,"data_analyst,_growth_insights",LawTrades,0,"New York, NY",0,1,0
932,student_research_collaboration,Google,"2,473","New York, NY 10011 ",0,0,0
933,lead_data_scientist,OKCupid,0,"New York, NY",1,0,0
934,"vp,_data_scientist",JP Morgan Chase,"20,319","New York, NY 10001 ",1,0,0
935,asst_research_scientist,NYU Langone Health,705,"New York, NY 10016 ",0,0,0
936,data_scientist_-_scientific_computing,Mount Sinai,"1,029","New York, NY",1,0,0
937,research_&_data_analyst,"Handshake Partners, LLC",0,"New York, NY",0,1,0
938,cib-quantitative_data_scientist_-_engineer-vp_-_new_york,JP Morgan Chase,"20,319","New York, NY 10179 ",1,0,0
939,data_scientist-marketing_channel_attribution_and_forecasting,letgo,0,"New York, NY",1,0,0
940,lead_data_scientist,Maxus,12,"New York, NY",1,0,0
941,data_&_analysis_intern,Bright Power,2,"New York, NY",0,0,0
942,lead_data_scientist,[m]Platform,92,"New York, NY",1,0,0
943,research_scientist,NYU Langone Health,705,"New York, NY 10016 ",0,0,0
944,senior_data_scientist,Tephra Inc,0,"New York, NY",1,0,0
945,data_analyst/scientist,Blue Mesa Health,0,"New York, NY",0,1,0
946,applied_scientist_-_amazon_ai,Amazon.com,"25,883","New York, NY",0,0,0
947,security_data_scientist,Rockstar New York,0,"New York, NY",1,0,0
948,statistical_machine_learning_scientist,AIG,"2,611","New York, NY",1,0,0
949,vp_data_&_insights,Suzy,0,"New York, NY",0,0,0
950,"research_scientist,_machine_learning_and_intelligence",Google,"2,473","New York, NY 10011 ",1,0,0
951,lead_data_scientist,Talent & Acquisition LLC,0,"New York, NY",1,0,0
952,data_analyst,ADMIN FOR CHILDREN'S SVCS,159,"Manhattan, NY",0,1,0
953,data_analyst_-_peri-operative_services,NYU Langone Health,705,"New York, NY 10016 ",0,1,0
954,associate_research_scientist,NYU Langone Health,705,"New York, NY 10016 ",0,0,0
955,data_scientist_-_clinical_innovation,Mount Sinai,"1,029","New York, NY",1,0,0
956,"corporate_hr-_workforce_analytics-_data_scientist,_associate",JP Morgan Chase,"20,319","Jersey City, NJ 07310 ",1,1,0
957,"senior_data_scientist,_growth_insights",Spotify,33,"New York, NY 10011 ",1,0,0
958,inventive_scientist_(labs_-_data_science_and_ai_research),AT&T,"30,064","New York, NY",0,0,0
959,"data_scientist,_fp&a_-_business_intelligence",Dow Jones,164,"New York, NY 10176 ",1,0,0
960,data_scientist,Glocomms,0,"New York, NY",1,0,0
961,research_scientist_(environmental_pediatrics),NYU Langone Health,705,"New York, NY 10016 ",0,0,0
962,data_engineer,Amazon.com,"25,883","New York, NY",0,0,1
963,"data_analyst,_bureau_of_vital_statistics",DEPT OF HEALTH/MENTAL HYGIENE,8,"Manhattan, NY",0,1,0
964,scientist,National Center for CryoEM Access and Training (NCCAT),0,"New York, NY 10027 ",0,0,0
965,membership_and_welcome_desk_associate,Civic Hall,3,"New York, NY",0,0,0
966,clinical_data_analyst_-_cqe,NYU Langone Health,705,"New York, NY 10016 ",0,1,0
967,data_analyst,NewsCred,2,"New York, NY 10016 ",0,1,0
968,principal_data_scientist,Verizon,"19,883","New York, NY 10007 ",1,0,0
969,clinical_data_scientist,C. R. Bard,259,"Murray Hill, NJ",1,0,0
970,research_data_associate_(per_diem),NYU Langone Health,705,"New York, NY 10016 ",0,0,0
971,data_scientist,Simon Data,0,"New York, NY",1,0,0
972,data_scientist_(nyc),DonorsChoose.org,5,"New York, NY 10018 ",1,0,0
973,data_scientist,Infomatics Corp,0,"Manhattan, NY",1,0,0
974,data_scientist,First Soft Solutions LLC,0,"New York, NY",1,0,0
975,data_scientist,Dataminr,3,"New York, NY",1,0,0
976,data_scientist,SpinCar,0,"New York, NY",1,0,0
977,data_scientist,MetroPlus Health Plan,96,"New York, NY",1,0,0
978,junior_data_scientist,Dow Jones,164,"New York, NY 10176 ",1,0,0
979,data_scientist,Amazon.com,"25,883","New York, NY",1,0,0
980,data_scientist,SG Analytics,15,"New York, NY",1,0,0
981,data_scientist,Scienaptic Systems Inc,0,"New York, NY",1,0,0
982,junior_data_scientist,Viacom,459,"New York, NY",1,0,0
983,data_scientist_(entry-level),First Derivatives plc,10,"New York, NY",1,0,0
984,data_scientist,Cityblock Health,0,"Brooklyn, NY 11201",1,0,0
985,junior_data_scientist_apprenticeship,IBM,"22,249","New York, NY 10002 ",1,0,0
